texto,sentimento
"A entrega chegou bem antes do prazo estipulado e o produto veio impecável.",positivo
"O atendimento ao cliente foi rápido, cordial e resolveu meu problema na hora.",positivo
"Estou fascinado com a qualidade do material, superou todas as minhas expectativas.",positivo
"O custo-benefício é excelente, vale cada centavo investido.",positivo
"O produto funciona perfeitamente bem e a instalação foi super intuitiva.",positivo
"A embalagem veio muito bem protegida e o item chegou intacto.",positivo
"O design é moderno, elegante e muito funcional no dia a dia.",positivo
"Com certeza voltarei a comprar nesta loja, recomendo a todos.",positivo
"A bateria dura muito mais do que o anunciado, estou impressionado.",positivo
"O acabamento é de primeira linha, nota dez para o fabricante.",positivo
"O som é cristalino e os graves são profundos, adorei o fone.",positivo
"A interface do aplicativo é limpa, fluida e muito fácil de navegar.",positivo
"O curso ensina do básico ao avançado com uma didática espetacular.",positivo
"O tecido é macio, confortável e não desbota após a lavagem.",positivo
"A máquina de café é prática, esquenta rápido e é fácil de limpar.",positivo
"O suporte técnico foi atencioso e me guiou passo a passo até resolver.",positivo
"A imagem da TV é de uma nitidez impressionante, cores muito vivas.",positivo
"O teclado é super macio de digitar e o clique é muito satisfatório.",positivo
"A comida chegou quentinha, bem embalada e com um sabor incrível.",positivo
"O hotel é limpo, organizado e os funcionários são extremamente educados.",positivo
"O aspirador tem uma potência fantástica, limpa qualquer carpete.",positivo
"O livro é envolvente do início ao fim, leitura obrigatória.",positivo
"O aplicativo de finanças organizou minha vida financeira completamente.",positivo
"O calçado é extremamente leve, confortável e ótimo para correr.",positivo
"A lâmpada inteligente responde super rápido aos comandos de voz.",positivo
"O roteador cobriu a casa inteira com sinal forte e estável.",positivo
"O relógio inteligente sincronizou de primeira e a bateria dura dias.",positivo
"O preço promocional valeu muito a pena pela qualidade entregue.",positivo
"O setup do computador ficou perfeito com esse monitor de alta resolução.",positivo
"O motorista foi extremamente educado e a viagem foi muito tranquila.",positivo
"O suplemento dissolve super bem e o sabor é muito agradável.",positivo
"A barbearia tem um ambiente aconchegante e o corte ficou perfeito.",positivo
"A plataforma em nuvem é rápida, segura e nunca caiu.",positivo
"O script rodou de primeira em produção sem nenhum erro.",positivo
"A documentação é clara, rica em exemplos e muito bem estruturada.",positivo
"O mouse desliza perfeitamente no mousepad e a precisão é ótima.",positivo
"O acabamento em alumínio dá um toque muito sofisticado ao aparelho.",positivo
"A temperatura do notebook se mantém baixa mesmo sob estresse.",positivo
"O espaço interno da mochila é surpreendente e muito bem dividido.",positivo
"O sabor do chocolate é marcante e a textura é cremosa.",positivo
"O atendimento na recepção foi ágil e muito simpático.",positivo
"A sala de reuniões é equipada com tecnologia de ponta.",positivo
"O sistema de segurança é robusto e passa muita tranquilidade.",positivo
"A camisa tem um corte moderno que veste perfeitamente.",positivo
"O óculos é leve, não machuca o nariz e protege muito bem do sol.",positivo
"O carregador turbo recupera a bateria em minutos.",positivo
"O colchão é firme na medida certa, melhorou muito minhas costas.",positivo
"O perfume tem uma fixação excelente que dura o dia inteiro.",positivo
"A câmera foca instantaneamente e grava em uma qualidade absurda.",positivo
"O organizador de cabos deixou minha mesa limpa e profissional.",positivo
"O curso superou minhas expectativas e já estou aplicando no trabalho.",positivo
"A transação via PIX foi processada instantaneamente.",positivo
"O aplicativo não trava e consome pouca memória do celular.",positivo
"O painel solar reduziu drasticamente minha conta de luz.",positivo
"O suporte da garantia trocou o produto sem burocracia alguma.",positivo
"A calça jeans vestiu perfeitamente e o tecido é de alta qualidade.",positivo
"O ferro passa a roupa com facilidade extrema e desamassa rápido.",positivo
"O ventilador é potente e muito silencioso à noite.",positivo
"A fechadura digital facilitou muito a entrada em casa.",positivo
"O bolo de aniversário estava fresco, recheado e delicioso.",positivo
"O monitoramento do alarme pelo celular funciona em tempo real.",positivo
"A chave de fenda tem imã na ponta, o que facilita muito o trabalho.",positivo
"O suporte ergonômico aliviou minhas dores no pescoço.",positivo
"A tradução do livro é fluida e respeita o contexto original.",positivo
"A calvisse foi disfarçada perfeitamente com o produto recomendado.",positivo
"O acabamento das costuras é impecável, sem fios soltos.",positivo
"O fone cancela o barulho do transporte público perfeitamente.",positivo
"O painel do carro é intuitivo e muito bonito à noite.",positivo
"O freio responde de forma imediata e passa muita segurança.",positivo
"O banco do carro é confortável para viagens longas.",positivo
"O piso laminado deixou a casa com um aspecto moderno e limpo.",positivo
"A torneira tem um design moderno e a pressão da água é ótima.",positivo
"O filtro purifica a água deixando-a com um gosto excelente.",positivo
"A churrasqueira elétrica não faz fumaça e assa super rápido.",positivo
"O travesseiro de viscoelástico molda perfeitamente na cabeça.",positivo
"A compra foi aprovada na hora e despachada no mesmo dia.",positivo
"O rastreio do pedido atualizava a cada etapa do transporte.",positivo
"O manual de montagem é ilustrado e muito fácil de entender.",positivo
"Todas as peças vieram completas e sem nenhum arranhão.",positivo
"A resposta do chat de atendimento foi humanizada e eficiente.",positivo
"O game tem uma história emocionante e gráficos espetaculares.",positivo
"A expansão de memória deixou meu computador voando.",positivo
"O cabo reforçado em nylon é super resistente a puxões.",positivo
"A escova elétrica deixa o cabelo liso e sem frizz rapidamente.",positivo
"O protetor solar tem toque seco e não deixa a pele oleosa.",positivo
"A vitamina C melhorou visivelmente o aspecto da minha pele.",positivo
"O whey protein não empelota e o sabor é delicioso.",positivo
"O tapete é antiderrapante, macio e muito fácil de lavar.",positivo
"A cortina bloqueia 100% da luz externa, quarto totalmente escuro.",positivo
"O adesivo decorativo é de fácil aplicação e colagem forte.",positivo
"A caixa de som bluetooth tem graves potentes e bateria duradoura.",positivo
"O crachá de identificação tem impressão nítida e material durável.",positivo
"O crachá magnético fixa muito bem na geladeira sem escorregar.",positivo
"A agenda permanente tem folhas grossas que não passam tinta.",positivo
"A caneta desliza suavemente no papel sem falhar nenhuma vez.",positivo
"A mochila escolar tem compartimento acolchoado para notebook.",positivo
"O estojo espaçoso comporta todos os meus materiais escolares.",positivo
"O grampeador é forte e grampeia várias folhas de uma vez.",positivo
"A tesoura tem corte preciso e cabo ergonômico confortável.",positivo
"O corretor em fita é limpo, prático e não rasga o papel.",positivo
"O atendimento foi impecável do início ao fim.",positivo
"A entrega foi realizada em tempo recorde, adorei.",positivo
"O material é de excelente qualidade e muito durável.",positivo
"A loja está de parabéns pelo cuidado com a embalagem.",positivo
"O produto cumpre exatamente o que promete no anúncio.",positivo
"Fui muito bem atendido pelo suporte quando precisei de ajuda.",positivo
"A cor do produto é ainda mais bonita pessoalmente.",positivo
"O tamanho ficou perfeito, vestiu muito bem.",positivo
"A compra foi super simples e o envio imediato.",positivo
"O desempenho superou o de marcas muito mais caras.",positivo
"O manual é bem explicado e a montagem foi rápida.",positivo
"O sabor é simplesmente espetacular, comprarei novamente.",positivo
"A autonomia da bateria é fantástica, dura dias.",positivo
"O sistema operacional é muito fluido e sem travamentos.",positivo
"A imagem da câmera noturna é surpreendentemente nítida.",positivo
"O tecido é fresquinho, confortável e de ótima elasticidade.",positivo
"O espaço interno da geladeira é gigantesco e bem distribuído.",positivo
"A lâmpada ilumina o ambiente inteiro com muita eficiência.",positivo
"O som é potente, limpo e sem nenhuma distorção no talo.",positivo
"A ergonomia do mouse é perfeita para quem passa horas trabalhando.",positivo
"O gabinete tem um fluxo de ar excelente e mantém tudo frio.",positivo
"A troca foi resolvida de forma rápida e sem nenhuma burocracia.",positivo
"O aplicativo é muito intuitivo, até meus pais conseguiram usar.",positivo
"A reserva do hotel foi confirmada na hora e sem problemas.",positivo
"O guia turístico foi extremamente atencioso e conhecia tudo.",positivo
"A comida estava divina, porção generosa e ingredientes frescos.",positivo
"O corte de cabelo ficou exatamente como eu queria, recomendo muito.",positivo
"O suplemento me deu muita energia e foco nos treinos.",positivo
"A creatina dissolve perfeitamente em qualquer líquido.",positivo
"O whey protein tem um gosto maravilhoso, parece milk-shake.",positivo
"A calça tem bolsos fundos e costuras super reforçadas.",positivo
"O tênis é tão macio que parece que estou andando nas nuvens.",positivo
"A jaqueta protege muito bem do vento e da chuva forte.",positivo
"O óculos veio com um estojo de brinde de altíssima qualidade.",positivo
"O relógio é elegante, combina com qualquer roupa social.",positivo
"A mochila tem compartimento exclusivo para notebook bem protegido.",positivo
"O livro chegou bem antes do prazo e sem nenhuma orelha.",positivo
"A leitura é cativante e traz aprendizados valiosos para o dia a dia.",positivo
"O curso tem videoaulas curtas e diretas ao ponto, sem enrolação.",positivo
"O professor responde as dúvidas no fórum com muita clareza.",positivo
"A certificação me deu a confiança necessária para mudar de cargo.",positivo
"O script automatizou nossa rotina e poupou horas de trabalho.",positivo
"A infraestrutura em nuvem está estável e rodando perfeitamente.",positivo
"O banco de dados respondeu às consultas de forma instantânea.",positivo
"A API é limpa, moderna e muito fácil de integrar no sistema.",positivo
"O design responsivo do site ficou lindo em qualquer celular.",positivo
"A transação financeira ocorreu com total segurança e rapidez.",positivo
"O PIX caiu na mesma hora e o pedido foi liberado instantaneamente.",positivo
"O programa de fidelidade oferece vantagens reais e fáceis de usar.",positivo
"A limpeza do ambiente estava impecável quando cheguei.",positivo
"O ar-condicionado é silencioso e gela o quarto em poucos minutos.",positivo
"A smart TV conecta no Wi-Fi de primeira e roda 4K sem engasgos.",positivo
"O aspirador robô limpa os cantos direitinho e não bate nos móveis.",positivo
"A airfryer é espaçosa, assa super rápido e é muito fácil de lavar.",positivo
"A cafeteira faz um espresso encorpado com uma crema perfeita.",positivo
"A batedeira é forte e aguenta massas pesadas sem forçar o motor.",positivo
"O ferro passa a vapor desamassa até os tecidos mais difíceis.",positivo
"O secador de cabelo é potente e seca os fios em tempo recorde.",positivo
"A chapinha esquenta rápido e deixa o cabelo com um brilho incrível.",positivo
"O barbeador corta rente sem machucar ou irritar a pele.",positivo
"O creme hidratante tem uma textura leve e absorve na hora.",positivo
"O protetor solar não escorre nos olhos quando transpiro.",positivo
"O sabonete líquido tem um cheiro maravilhoso que dura na pele.",positivo
"A escova dental elétrica deixa os dentes muito mais limpos.",positivo
"O travesseiro cervical acabou com minhas dores matinais no pescoço.",positivo
"O edredom é quentinho, leve e muito macio ao toque.",positivo
"A cortina blackout veda completamente a claridade do quarto.",positivo
"O tapete é peludo, gostoso de pisar e não solta pelos.",positivo
"A mesa de jantar é robusta, bonita e muito firme.",positivo
"As cadeiras são confortáveis para passar horas conversando à mesa.",positivo
"O armário tem ótimo espaço e corrediças telescópicas suaves.",positivo
"A fechadura eletrônica reconhece a digital de primeira.",positivo
"A câmera de segurança tem visão noturna colorida excelente.",positivo
"O interfone tem áudio limpo e sem chiados na transmissão.",positivo
"O portão automático abre e fecha com muita suavidade.",positivo
"O pneu tem ótima aderência no asfalto molhado e seco.",positivo
"O óleo do motor manteve a lubrificação perfeita o período todo.",positivo
"O limpador de para-brisa varre a água sem deixar manchas.",positivo
"O suporte veicular para celular é firme e não balança na estrada.",positivo
"O carregador veicular carrega dois celulares ao mesmo tempo rápido.",positivo
"O capacete é confortável, ventilado e tem certificação de segurança.",positivo
"A luva de pilotagem tem boa aderência e protege bem do frio.",positivo
"A barraca de camping resistiu a uma tempestade forte sem vazar.",positivo
"O saco de dormir é térmico e muito aconchegante no frio.",positivo
"A lanterna de LED tem foco regulável e ilumina muito longe.",positivo
"O canivete multiferramenta é afiado, robusto e muito útil.",positivo
"A mochila de hidratação é leve e não atrapalha na trilha.",positivo
"O skate tem rodas macias e lixa com excelente aderência.",positivo
"A bola de futebol tem toque profissional e ótima durabilidade.",positivo
"A raquete de tênis é leve e proporciona excelente controle.",positivo
"O tapete de yoga é antiderrapante e tem a espessura ideal.",positivo
"A corda de pular tem rolamento suave e ajuste de tamanho.",positivo
"O halter emborrachado não escorrega das mãos durante o exercício.",positivo
"O kit de elásticos de resistência é versátil e muito resistente.",positivo
"A barra de porta é firme e suporta o peso com total segurança.",positivo
"O shakeira mistura o suplemento por completo sem deixar grumos.",positivo
"A caixa térmica manteve as bebidas geladas por mais de 24 horas.",positivo
"O guarda-sol é grande, resistente ao vento e protege muito bem.",positivo
"A cadeira de praia é leve, confortável e fácil de carregar.",positivo
"O óculos de natação não embaça e veda perfeitamente a água.",positivo
"O produto chegou perfeitamente embalado e antes do prazo.",positivo
"Atendimento nota dez, resolveram minha dúvida em segundos.",positivo
"A qualidade do som desse fone de ouvido é impressionante.",positivo
"O curso superou todas as expectativas, recomendo demais.",positivo
"O tecido dessa camisa é de altíssima qualidade.",positivo
"A bateria do notebook dura o dia todo sem precisar carregar.",positivo
"O sabor desse café é encorpado e delicioso.",positivo
"A montagem foi super simples e o móvel ficou firme.",positivo
"O aplicativo é muito fluido, rápido e não apresenta bugs.",positivo
"A câmera tira fotos incríveis mesmo em ambientes escuros.",positivo
"O custo-benefício desse produto é imbatível no mercado.",positivo
"A entrega foi feita com muito cuidado e o entregador foi educado.",positivo
"O suporte técnico me ajudou a configurar tudo perfeitamente.",positivo
"A cor da pintura é linda e o acabamento é perfeito.",positivo
"O calçado é extremamente confortável para usar o dia todo.",positivo
"O restaurante caprichou na porção, comida maravilhosa.",positivo
"O livro chegou sem nenhum arranhão e a história é ótima.",positivo
"O sistema de rastreamento funcionou perfeitamente do início ao fim.",positivo
"O teclado mecânico tem uma digitação extremamente macia e gostosa.",positivo
"O mouse desliza perfeitamente e os botões são bem posicionados.",positivo
"O monitor Quad HD tem uma definição de imagem excelente para trabalho.",positivo
"A creatina dissolve super bem e cumpre o que promete.",positivo
"O whey protein sabor chocolate é o mais saboroso que já tomei.",positivo
"A barraca resistiu a ventos fortes sem entrar uma gota de água.",positivo
"A smart TV sintonizou os canais rapidamente e a imagem é 4K real.",positivo
"O roteador cobriu toda a casa com sinal de alta velocidade.",positivo
"O atendimento na barbearia foi impecável e o corte ficou show.",positivo
"O plano de dados da internet móvel pegou perfeitamente na estrada.",positivo
"A documentação da API está muito bem explicada e limpa.",positivo
"O script de automação rodou sem erros e economizou horas.",positivo
"A plataforma em nuvem é extremamente estável e segura.",positivo
"O banco de dados respondeu às consultas quase instantaneamente.",positivo
"O design responsivo do portal ficou excelente no celular.",positivo
"A transação via PIX foi rápida e segura.",positivo
"O programa de cashback funcionou de primeira e já resgatei.",positivo
"O ambiente da academia é climatizado, limpo e organizado.",positivo
"O ar-condicionado é silencioso e gela o quarto rapidinho.",positivo
"A airfryer facilitou muito a minha rotina na cozinha.",positivo
"A batedeira é potente e aguenta massas pesadas sem esforço.",positivo
"O ferro a vapor alisa as roupas com muita facilidade.",positivo
"O secador de cabelo seca os fios de forma rápida e eficiente.",positivo
"A chapinha esquenta na temperatura ideal e não quebra o cabelo.",positivo
"O barbeador elétrico deixa o rosto liso sem irritar a pele.",positivo
"O hidratante tem uma textura leve e deixa a pele super macia.",positivo
"O protetor solar tem toque seco e não deixa o rosto brilhando.",positivo
"O sabonete líquido tem um aroma delicioso que fixa bem.",positivo
"A escova elétrica deixa os dentes limpos de verdade.",positivo
"O travesseiro de espuma viscoelástica melhorou muito meu sono.",positivo
"O edredom é fofinho, quentinho e muito leve.",positivo
"A cortina bloqueia toda a claridade, quarto totalmente escuro.",positivo
"O tapete é super macio, gostoso de pisar descalço.",positivo
"A mesa de jantar é elegante e muito resistente.",positivo
"As cadeiras são confortáveis e ergonômicas.",positivo
"O armário tem corrediças telescópicas muito suaves.",positivo
"A fechadura digital reconhece a digital com precisão.",positivo
"A câmera de segurança tem visão noturna cristalina.",positivo
"O interfone tem áudio limpo e sem interferências.",positivo
"O portão automático abre e fecha bem rápido.",positivo
"O pneu tem excelente aderência na pista molhada.",positivo
"O óleo do motor manteve o carro rodando macio.",positivo
"O limpador de para-brisa limpa a água sem deixar riscos.",positivo
"O suporte para celular no carro é firme e seguro.",positivo
"O carregador veicular carrega o aparelho muito rápido.",positivo
"O capacete é confortável e bem ventilado.",positivo
"A luva de proteção é resistente e confortável.",positivo
"O saco de dormir é térmico e protege muito bem do frio.",positivo
"A lanterna ilumina uma distância enorme com clareza.",positivo
"O canivete multiferramenta é afiado e muito robusto.",positivo
"A mochila de hidratação é leve e prática para trilhas.",positivo
"O skate tem ótima estabilidade e rodas macias.",positivo
"A bola tem excelente toque e boa durabilidade.",positivo
"A raquete de tênis é leve e dá um ótimo controle.",positivo
"O tapete de yoga é antiderrapante e muito confortável.",positivo
"A corda de pular gira suavemente sem enroscar.",positivo
"O halter tem emborrachamento de ótima qualidade.",positivo
"Os elásticos de resistência são firmes e versáteis.",positivo
"A barra de porta é segura e aguenta bem o peso.",positivo
"A coqueteleira mistura o suplemento sem deixar bolinhas.",positivo
"A caixa térmica manteve o gelo por mais de um dia.",positivo
"O guarda-sol é grande e firme contra o vento.",positivo
"A cadeira de praia é leve e fácil de transportar.",positivo
"O óculos de natação não entra água e não embaça.",positivo
"O atendimento do hotel foi excelente do check-in ao check-out.",positivo
"A comida do quarto estava deliciosa e chegou no ponto.",positivo
"A vista da varanda do quarto é simplesmente espetacular.",positivo
"O transfer do aeroporto foi pontual e muito confortável.",positivo
"O guia do passeio foi super atencioso e divertido.",positivo
"O pacote turístico cumpriu tudo o que foi prometido.",positivo
"A loção pós-barba refresca e tem um cheiro muito agradável.",positivo
"O shampoo deixou meu cabelo soltinho e brilhoso.",positivo
"O condicionador hidrata profundamente sem pesar os fios.",positivo
"O esmalte tem ótima durabilidade e não descasca fácil.",positivo
"O batom tem alta fixação e cores muito vivas.",positivo
"A base facial tem cobertura excelente e efeito natural.",positivo
"O rímel alonga os cílios sem empelotar.",positivo
"O pó compacto sela a maquiagem perfeitamente o dia todo.",positivo
"O desodorante protege contra odores por horas a fio.",positivo
"O kit de pincéis tem cerdas macias e de alta qualidade.",positivo
"O espelho com LED tem ótima iluminação para maquiagem.",positivo
"Estou extremamente satisfeito com todas as minhas compras nesta loja.",positivo
"O atendimento via chat foi extremamente ágil e educado.",positivo
"A qualidade do acabamento deste produto me surpreendeu positivamente.",positivo
"O frete foi super rápido, recebi o pacote antes da data prevista.",positivo
"A blusa vestiu muito bem e o tecido é super confortável.",positivo
"O som do microfone é limpo e sem ruídos indesejados.",positivo
"Comprar nesta loja foi uma experiência excelente do começo ao fim.",positivo
"O manual explicava tudo direitinho, a instalação foi muito fácil.",positivo
"O aplicativo é leve, moderno e não trava nunca.",positivo
"A câmera do celular foca muito rápido e a qualidade é excelente.",positivo
"O custo-benefício desse kit de ferramentas é inacreditável.",positivo
"O gabinete tem um visual incrível e excelente ventilação interna.",positivo
"O colchão é uma delícia, durmo muito melhor agora.",positivo
"O perfume tem um cheiro marcante e dura o dia inteiro na pele.",positivo
"O produto veio super bem protegido em plástico bolha.",positivo
"O processador roda todos os jogos pesados sem esquentar.",positivo
"A bateria do notebook aguenta uma jornada inteira de trabalho.",positivo
"O tamanho da calça ficou exato, recomendo a tabela de medidas.",positivo
"O atendimento na loja física foi de uma simpatia sem igual.",positivo
"O suporte técnico resolveu meu problema técnico em poucos minutos.",positivo
"O mousepad tem um deslize perfeito e é muito bonito.",positivo
"A cor do produto é exatamente igual à foto do site.",positivo
"O site da loja é seguro, intuitivo e muito fácil de usar.",positivo
"O pagamento foi aprovado na mesma hora e o envio foi imediato.",positivo
"A batedeira é firme, bonita e facilita muito na cozinha.",positivo
"A airfryer frita tudo super crocante e sem óleo.",positivo
"O café coado com esse pó ficou com um aroma maravilhoso.",positivo
"A lâmpada smart é super fácil de parear com o assistente virtual.",positivo
"O roteador eliminou todas as zonas de sombra da casa.",positivo
"O teclado mecânico veio com switches extras e ferramenta de troca.",positivo
"O monitor tem cores vibrantes e taxa de atualização excelente.",positivo
"A creatina da marca é pura e de excelente solubilidade.",positivo
"O whey protein tem um sabor delicioso que não enjoa.",positivo
"O tecido do lençol é macio e não faz bolinhas.",positivo
"A cortina é pesada, bonita e bloqueia bem a luz.",positivo
"O tapete da sala é super fofinho e de ótima qualidade.",positivo
"A mesa de escritório é firme e suporta vários equipamentos.",positivo
"A cadeira gamer é extremamente confortável para estudar horas.",positivo
"A fechadura digital é prática e muito segura.",positivo
"A câmera de segurança tem uma resolução excelente de dia e de noite.",positivo
"O portão automático funciona perfeitamente com o controle.",positivo
"O pneu do carro tem uma aderência fantástica na chuva.",positivo
"O limpador de para-brisa limpa perfeitamente sem riscar o vidro.",positivo
"O suporte veicular segura o celular com firmeza extrema.",positivo
"O carregador veicular carrega o celular muito rápido.",positivo
"O capacete é leve, confortável e muito seguro.",positivo
"A barraca de camping é impermeável e fácil de montar.",positivo
"O saco de dormir é super quentinho e confortável.",positivo
"A lanterna ilumina uma distância impressionante.",positivo
"O canivete é afiado, robusto e de excelente construção.",positivo
"A mochila de trilha tem divisões muito inteligentes.",positivo
"O skate é resistente e tem rodas muito macias.",positivo
"A bola de futebol tem toque excelente e ótima durabilidade.",positivo
"A raquete de tênis é leve e dá um controle ótimo.",positivo
"O tapete de yoga é antiderrapante e muito confortável.",positivo
"A corda de pular gira suavemente sem enroscar.",positivo
"O halter tem emborrachamento de primeira.",positivo
"Os elásticos de treino são super resistentes.",positivo
"A barra de porta é firme e segura.",positivo
"A coqueteleira mistura o suplemento perfeitamente.",positivo
"O cooler do processador é extremamente silencioso.",positivo
"A pasta térmica ajudou a baixar bastante a temperatura.",positivo
"O cabo de rede CAT6 melhorou a estabilidade da minha conexão.",positivo
"O adaptador USB funciona perfeitamente sem falhas.",positivo
"O hub USB tem várias portas e carrega os aparelhos rápido.",positivo
"O suporte para notebook elevou a tela na altura ideal.",positivo
"O organizador de mesa deixou tudo limpo e arrumado.",positivo
"O estojo escolar tem zíperes resistentes e ótimo espaço.",positivo
"A agenda tem folhas grossas e uma capa linda.",positivo
"A caneta escreve macio e não mancha o verso da folha.",positivo
"O corretor em fita funciona perfeitamente.",positivo
"O grampeador é forte e fácil de manusear.",positivo
"A tesoura corta com muita precisão.",positivo
"O adesivo decorativo colou muito bem na parede.",positivo
"A caixa de som portátil tem um som limpo e bateria durável.",positivo
"O crachá ficou com uma impressão nítida e perfeita.",positivo
"O copo térmico mantém a bebida gelada por horas a fio.",positivo
"A garrafa de água é resistente e não vaza na bolsa.",positivo
"O guarda-chuva é forte e resiste bem ao vento.",positivo
"O óculos de sol é estiloso, leve e protege muito bem.",positivo
"O relógio de pulso tem um design sofisticado.",positivo
"A carteira de couro tem excelente acabamento e divisões.",positivo
"O cinto é resistente e de ótima qualidade.",positivo
"A meia é macia, confortável e não aperta.",positivo
"O pijama é super fresquinho e gostoso de usar.",positivo
"O roupão de banho é macio como uma toalha de hotel.",positivo
"A toalha de banho enxuga super bem e é macia.",positivo
"O sabonete deixa a pele perfumada por muito tempo.",positivo
"O shampoo limpou profundamente sem ressecar os fios.",positivo
"O condicionador deixou meu cabelo super sedoso.",positivo
"O creme de barbear amacia os pelos e facilita o corte.",positivo
"O desodorante cumpre o que promete o dia todo.",positivo
"O protetor labial hidrata e evita rachaduras.",positivo
"O kit de maquiagem tem cores lindas e excelente pigmentação.",positivo
"O esmalte tem um brilho incrível e não descasca rápido.",positivo
"O removedor de esmalte limpa muito rápido.",positivo
"A esponja de maquiagem espalha a base perfeitamente.",positivo
"O espelho de mesa tem ótima ampliação.",positivo
"O secador é leve e seca o cabelo rapidinho.",positivo
"A escova secadora modela o cabelo com facilidade.",positivo
"Estou extremamente satisfeito com a compra, nota dez!",positivo
"O produto chegou perfeitamente intacto e superou minhas expectativas.",positivo
"Amei o atendimento, a atendente foi super atenciosa e educada.",positivo
"O desempenho deste processador é absurdo, roda tudo no talo.",positivo
"A blusa tem um tecido leve, gostoso e veste super bem.",positivo
"O aplicativo de banco é muito seguro, rápido e fácil de mexer.",positivo
"A entrega foi feita antes do prazo final, parabéns à equipe.",positivo
"O acabamento emborrachado garante uma pegada firme e confortável.",positivo
"A comida estava divina, porção super generosa e bem temperada.",positivo
"O livro é fascinante, leitura fluida que prende do começo ao fim.",positivo
"O fone de ouvido abafa totalmente o som externo, excelente isolamento.",positivo
"O custo-benefício desse kit é surreal, vale muito a pena.",positivo
"A lâmpada inteligente acende por comando de voz de forma imediata.",positivo
"O suporte técnico resolveu meu problema em menos de cinco minutos.",positivo
"A interface limpa e intuitiva facilita muito o uso diário.",positivo
"O tecido do lençol é de alta qualidade e não faz bolinhas.",positivo
"O som da caixa bluetooth é limpo, alto e não distorce no máximo.",positivo
"O relógio inteligente tem uma bateria que dura quase uma semana.",positivo
"O rastreio do pedido funcionou perfeitamente e avisou cada etapa.",positivo
"A caneta tinteiro desliza suavemente no papel sem borrar.",positivo
"O suporte para notebook é firme, ajustável e aliviou minhas dores.",positivo
"O sabor da proteína de baunilha é delicioso e dissolve fácil.",positivo
"A creatina pura melhorou visivelmente meu rendimento nos treinos.",positivo
"O tênis de corrida é leve, flexível e absorve muito bem o impacto.",positivo
"A calça jeans tem um caimento perfeito e bolsos fundos.",positivo
"O hotel é extremamente limpo, cheiroso e organizado.",positivo
"O café da manhã do hotel tinha opções variadas e muito frescas.",positivo
"A vista da janela do quarto era simplesmente deslumbrante.",positivo
"O guia turístico explicou tudo com muita simpatia e conhecimento.",positivo
"A transferência via PIX foi instantânea e segura.",positivo
"O cashback caiu na minha conta logo após a confirmação da compra.",positivo
"O ambiente da barbearia é irado e o corte ficou impecável.",positivo
"O shampoo deixou meu cabelo macio, soltinho e muito brilhoso.",positivo
"O condicionador desembaraça os fios instantaneamente.",positivo
"O protetor solar tem textura leve e seca super rápido na pele.",positivo
"O hidratante corporal tem um cheiro maravilhoso que fixa o dia todo.",positivo
"O desodorante protege de verdade o dia inteiro sem manchar a roupa.",positivo
"A base de maquiagem tem alta cobertura com aspecto natural.",positivo
"O rímel alonga bastante os cílios sem formar grumos.",positivo
"O esmalte tem cores lindas e uma durabilidade fantástica nas unhas.",positivo
"O espelho com LED é perfeito para fazer maquiagem com precisão.",positivo
"O secador é leve, potente e seca o cabelo em poucos minutos.",positivo
"A escova secadora modela os fios com muita facilidade.",positivo
"O ferro a vapor desamassa até as camisas mais difíceis.",positivo
"A airfryer é fantástica, deixa tudo crocante sem usar óleo.",positivo
"A batedeira é forte e aguenta massas pesadas sem forçar.",positivo
"O liquidificador tritura gelo com muita facilidade e rapidez.",positivo
"A cafeteira elétrica faz um café quentinho e saboroso muito rápido.",positivo
"O purificador de água deixa o líquido leve e sem nenhum gosto.",positivo
"O aspirador de pó tem uma sucção fortíssima, limpa de verdade.",positivo
"O robô aspirador limpa os cantos e economiza muito tempo em casa.",positivo
"O colchão é firme e confortável, minha coluna agradece.",positivo
"O travesseiro de plumas é macio como uma nuvem.",positivo
"O edredom é quentinho, leve e muito gostoso de usar no frio.",positivo
"A cortina blackout bloqueia 100% da claridade do sol.",positivo
"O tapete da sala é super macio de pisar descalço.",positivo
"A mesa de jantar é robusta, bonita e muito fácil de limpar.",positivo
"As cadeiras são confortáveis e dão total apoio para as costas.",positivo
"O armário tem corrediças telescópicas que abrem com muita suavidade.",positivo
"A fechadura digital é prática, segura e dispensa o uso de chaves.",positivo
"A câmera de segurança tem uma imagem nítida mesmo à noite.",positivo
"O interfone tem áudio limpo, sem chiados ou interferências.",positivo
"O portão automático abre e fecha super rápido e silencioso.",positivo
"O pneu do carro tem excelente aderência na pista seca e molhada.",positivo
"O limpador de para-brisa remove a água perfeitamente sem riscar.",positivo
"O suporte veicular segura o celular com firmeza em ruas esburacadas.",positivo
"O carregador veicular carrega o celular numa velocidade excelente.",positivo
"O capacete é confortável, ventilado e tem certificação de segurança.",positivo
"A barraca de camping é impermeável e resistiu a uma forte chuva.",positivo
"O saco de dormir é térmico e muito aconchegante.",positivo
"A lanterna de LED ilumina uma distância enorme com clareza.",positivo
"O canivete é robusto, afiado e de construção muito firme.",positivo
"A mochila de trilha tem divisões inteligentes e alças acolchoadas.",positivo
"O skate tem ótima estabilidade e rolamentos macios.",positivo
"A bola de futebol tem um toque profissional e ótima durabilidade.",positivo
"A raquete de tênis é leve e proporciona excelente controle.",positivo
"O tapete de yoga é antiderrapante e tem a espessura ideal.",positivo
"A corda de pular gira suavemente sem enrolar nos cabos.",positivo
"O halter é emborrachado e não machuca as mãos.",positivo
"Os elásticos de resistência são firmes e muito versáteis.",positivo
"A barra de porta é segura e aguenta o peso com tranquilidade.",positivo
"A coqueteleira mistura o suplemento por completo sem deixar bolinhas.",positivo
"O cooler do processador é extremamente silencioso e eficiente.",positivo
"A pasta térmica ajudou a abaixar a temperatura do PC consideravelmente.",positivo
"O cabo de rede CAT6 melhorou a estabilidade e eliminou o lag.",positivo
"O adaptador USB funciona perfeitamente sem falhas de conexão.",positivo
"O hub USB tem várias portas e carrega múltiplos dispositivos.",positivo
"O suporte para notebook elevou a tela na altura ergonômica ideal.",positivo
"O organizador de mesa deixou meu espaço limpo e profissional.",positivo
"O estojo escolar tem zíperes reforçados e ótimo espaço interno.",positivo
"A agenda permanente tem folhas grossas que não deixam passar tinta.",positivo
"A caneta escreve macio e fluido o tempo todo.",positivo
"O corretor em fita é limpo e não rasga o papel.",positivo
"O grampeador é forte e une várias folhas de uma vez.",positivo
"A tesoura corta com precisão cirúrgica.",positivo
"O adesivo decorativo colou super bem na parede sem soltar as pontas.",positivo
"A caixa de som portátil tem um som limpo e bateria durável.",positivo
"O crachá ficou com uma impressão nítida e cores vivas.",positivo
"O copo térmico mantém a cerveja gelada por horas no calor.",positivo
"A garrafa de água de inox é resistente e não vaza na mochila.",positivo
"Estou completamente satisfeito com a compra, recomendo a todos!",positivo
"O produto chegou totalmente quebrado e a embalagem estava rasgada.",negativo
"O atendimento ao cliente foi péssimo, ninguém resolveu meu problema.",negativo
"A qualidade do material é horrível, estragou no primeiro dia de uso.",negativo
"O custo-benefício é péssimo, joguei dinheiro fora.",negativo
"O produto não funciona de jeito nenhum, propaganda enganosa.",negativo
"A entrega atrasou semanas e o suporte não dá nenhuma satisfação.",negativo
"O design é totalmente desconfortável e mal projetado.",negativo
"Não recomendo esta loja para ninguém, péssima experiência.",negativo
"A bateria não dura nem uma hora, pessimo desempenho.",negativo
"O acabamento é mal feito, cheio de rebarbas e falhas.",negativo
"O som distorce completamente e o microfone tem muito chiado.",negativo
"A interface do aplicativo trava toda hora e fecha sozinha.",negativo
"O curso é super superficial, pura enrolação e perda de tempo.",negativo
"O tecido pinica na pele, encolheu e desbotou na primeira lavagem.",negativo
"A máquina veio com defeito de fábrica e vaza água por tudo.",negativo
"O suporte técnico foi extremamente mal-educado e desligou na minha cara.",negativo
"A imagem da TV tem umas manchas escuras horríveis na tela.",negativo
"As teclas do teclado emperram o tempo todo ao digitar.",negativo
"A comida chegou fria, com gosto estranho e totalmente revirada.",negativo
"O quarto do hotel estava imundo, com lençóis sujos e cheiro de mofo.",negativo
"O aspirador não suga nada, é extremamente fraco.",negativo
"O livro veio com várias páginas rasgadas e faltando capítulos.",negativo
"O aplicativo de finanças cobrou taxas escondidas sem meu consentimento.",negativo
"O calçado machucou tanto meu pé que formou bolhas enormes.",negativo
"A lâmpada inteligente desconecta do Wi-Fi a toda hora.",negativo
"O roteador deixa a internet instável e cai o dia todo.",negativo
"O relógio inteligente travou na tela inicial e não liga mais.",negativo
"O preço é absurdamente alto para uma qualidade tão baixa.",negativo
"O monitor veio com três pixels mortos bem no meio da tela.",negativo
"O motorista do aplicativo foi grosseiro e dirigiu de forma perigosa.",negativo
"O suplemento empelotou tudo e tem um gosto químico insuportável.",negativo
"A barbearia foi um desastre, cortaram meu cabelo torto.",negativo
"A plataforma em nuvem cai toda vez que precisamos fazer deploy.",negativo
"O script deu erro de compilação em dezenas de lugares.",negativo
"A documentação é confusa, desatualizada e cheia de links quebrados.",negativo
"O mouse pula o cursor sozinho e os cliques falham.",negativo
"O acabamento descascou com poucos dias de uso leve.",negativo
"O notebook ferve de esquentar e desliga sozinho por superaquecimento.",negativo
"A mochila rasgou na alça na primeira vez que coloquei peso.",negativo
"O chocolate veio derretido, velho e com aspecto esbranquiçado.",negativo
"A recepcionista foi extremamente antipática e ignorou minha chegada.",negativo
"A sala de reuniões estava com o ar-condicionado quebrado no calor.",negativo
"O sistema de segurança falhou e disparava alarme falso à noite.",negativo
"A camisa veio com um rasgo grande na parte das costas.",negativo
"O óculos de sol veio com as lentes todas riscadas.",negativo
"O carregador turbo parou de funcionar na primeira semana.",negativo
"O colchão é duro como pedra, acordo com dores horríveis.",negativo
"O perfume tem um cheiro insuportável de álcool que não some.",negativo
"A câmera embaça a lente sozinha e grava com péssima qualidade.",negativo
"O organizador de cabos quebrou ao tentar encaixar o primeiro fio.",negativo
"O curso não tem suporte e os links de material estão todos fora do ar.",negativo
"O pagamento foi recusado injustamente e bloquearam minha conta.",negativo
"O aplicativo consome tanta bateria que esquenta o celular inteiro.",negativo
"A fatura de energia veio alta e o painel solar não gerou nada.",negativo
"A garantia se recusou a trocar o produto usando desculpas absurdas.",negativo
"A calça jeans descosturou inteira na primeira vez que vesti.",negativo
"O ferro de passar queimou na primeira tomada que liguei.",negativo
"O ventilador faz um barulho estridente que impede de dormir.",negativo
"A fechadura digital travou com a porta fechada e fiquei preso para fora.",negativo
"O bolo de aniversário estava seco, rançoso e azedo.",negativo
"O alarme da casa disparou sozinho no meio da madrugada.",negativo
"A chave de fenda espanou na primeira porca que tentei apertar.",negativo
"O suporte ergonômico é frágil e cedeu com o peso do monitor.",negativo
"A tradução do livro é tão ruim que parece feita por robô.",negativo
"O produto disfarça falhas de forma grosseira e parece tinta falsa.",negativo
"As costuras vieram todas soltas e desfiando.",negativo
"O fone abafa zero o barulho e ainda vaza som para fora.",negativo
"O painel do carro veio com os botões afundados.",negativo
"O freio do carro começou a chiar alto e perder eficácia.",negativo
"O banco do carro é desconfortável e machuca a lombar.",negativo
"O piso laminado estufou com o mínimo de umidade.",negativo
"A torneira veio vazando água pela base inteira.",negativo
"O filtro deixa a água com um gosto forte de plástico velho.",negativo
"A churrasqueira elétrica solta muita fumaça e desarma o disjuntor.",negativo
"O travesseiro deformou completamente e virou uma panqueca.",negativo
"A compra foi cancelada pela loja sem aviso prévio.",negativo
"O rastreio do pedido sumiu e ninguém sabe onde está o pacote.",negativo
"O manual é ilegível, letras minúsculas e sem sentido.",negativo
"O produto veio faltando a metade das peças principais.",negativo
"O chat de atendimento é um robô inútil que não resolve nada.",negativo
"O jogo tem tantos bugs que fecha sozinho a cada cinco minutos.",negativo
"A expansão de memória corrompeu meus arquivos salvos.",negativo
"O cabo de nylon arrebentou só de puxar da tomada.",negativo
"A escova alisadora soltou fumaça e cheiro de queimado.",negativo
"O protetor solar deixou meu rosto branco empelotado e oleoso.",negativo
"A vitamina C oxidou e mudou de cor antes de eu abrir.",negativo
"O whey protein empelota e tem gosto de remédio vencido.",negativo
"O tapete é escorregadio, duro e solta muita linha.",negativo
"A cortina é super fina, transparente e não bloqueia nada de luz.",negativo
"O adesivo descolou da parede no mesmo dia.",negativo
"A caixa de som chiou e queimou no primeiro som alto.",negativo
"O crachá veio com o nome impresso errado e borrado.",negativo
"O imã do crachá é fraco e cai da geladeira à toa.",negativo
"A agenda veio com folhas coladas e rasgadas.",negativo
"A caneta veio seca e não solta uma gota de tinta.",negativo
"A mochila veio com os zíperes travados e quebrados.",negativo
"O estojo rasgou na costura principal logo no primeiro dia.",negativo
"O grampeador veio travado e entorta todos os grampos.",negativo
"A tesoura veio cega, não corta nem papel sulfite.",negativo
"O corretor em fita enrolou tudo e quebrou na primeira passada.",negativo
"O atendimento foi desrespeitoso e a atendente desligou o telefone na minha cara.",negativo
"A entrega demorou o dobro do prazo e a caixa chegou rasgada.",negativo
"O material é de péssima qualidade, quebrou no primeiro uso.",negativo
"A loja não deu nenhum suporte após a venda, descaso total.",negativo
"O produto veio totalmente diferente do que estava anunciado.",negativo
"Fui mal atendido na recepção e ainda tive que esperar duas horas.",negativo
"A cor do produto veio errada e o tamanho não corresponde à tabela.",negativo
"A compra foi um desperdício de dinheiro, arrependimento total.",negativo
"A bateria descarrega em menos de vinte minutos, inútil.",negativo
"O sistema operacional trava constantemente e corrompeu meus arquivos.",negativo
"A imagem da câmera é totalmente borrada e não foca nada.",negativo
"O tecido encolheu tanto na primeira lavagem que virou pano de chão.",negativo
"O espaço interno da geladeira é minúsculo e mal planejado.",negativo
"A lâmpada queimou com menos de uma semana de uso.",negativo
"O som é estridente, cheio de ruídos e distorce em volume baixo.",negativo
"A ergonomia do mouse é péssima, causa dores fortes no pulso.",negativo
"O gabinete veio com um amassado feio na lateral de vidro.",negativo
"A troca foi um processo burocrático, demorado e frustrante.",negativo
"O aplicativo é confuso, cheio de bugs e fecha sozinho toda hora.",negativo
"A reserva do hotel foi cancelada sem aviso prévio, fiquei na rua.",negativo
"O guia turístico era mal-educado e não sabia explicar nada.",negativo
"A comida estava fria, sem tempero e com um aspecto horrível.",negativo
"O corte de cabelo ficou completamente torto e mal feito.",negativo
"O suplemento me deu uma dor de estômago terrível, joguei fora.",negativo
"A creatina veio empelotada parecendo pedra, impossível usar.",negativo
"O whey protein tem gosto de remédio vencido e é muito enjoativo.",negativo
"A calça tem costuras tortas e zíper que trava toda vez.",negativo
"O tênis é duro, machuca os dedos e escorrega no piso seco.",negativo
"A jaqueta deixa passar vento e chuva, não protege nada.",negativo
"O óculos veio com a armação torta e lente arranhada.",negativo
"O relógio parou de funcionar e a pulseira arrebentou no segundo dia.",negativo
"A mochila tem costuras frágeis que rasgaram com livros leves.",negativo
"O livro veio com folhas soltas e encadernação porca.",negativo
"A leitura é maçante, cheia de erros gramaticais e sem nexo.",negativo
"O curso online tem áudio péssimo e o professor apenas lê slides.",negativo
"O tutor do curso nunca responde as dúvidas no fórum.",negativo
"A certificação não agregou em nada, material muito raso.",negativo
"O script de automação quebrou todo o banco de dados da empresa.",negativo
"A infraestrutura em nuvem cai todos os dias no horário de pico.",negativo
"O banco de dados apresentou lentidão absurda e travou o sistema.",negativo
"A API tem erros críticos e a documentação é totalmente mentirosa.",negativo
"O design responsivo quebrou em telas de celular menores.",negativo
"A transação financeira deu erro mas o dinheiro saiu da minha conta.",negativo
"O PIX demorou horas para constar e perdi o prazo do pedido.",negativo
"O programa de cashback sumiu com o meu saldo sem justificativa.",negativo
"A limpeza do local era inexistente, muito pó e sujeira acumulada.",negativo
"O ar-condicionado faz um barulho ensurdecedor e não gela o quarto.",negativo
"A smart TV perde o sinal de Wi-Fi a cada dez minutos.",negativo
"O aspirador robô fica batendo nos móveis e não limpa nada.",negativo
"A airfryer parou de esquentar na terceira vez que fui usar.",negativo
"A cafeteira vaza água por baixo e suja toda a bancada.",negativo
"A batedeira queimou o motor batendo uma massa leve.",negativo
"O ferro a vapor manchou todas as minhas camisas brancas.",negativo
"O secador de cabelo soltou faísca na tomada e cheiro de queimado.",negativo
"A chapinha belisca o cabelo e arranca os fios.",negativo
"O barbeador machucou meu pescoço inteiro e deixou cortes.",negativo
"O creme hidratante causou uma alergia horrível na minha pele.",negativo
"O protetor solar escorre nos olhos e arde de forma insuportável.",negativo
"O sabonete líquido ressecou minha pele a ponto de descascar.",negativo
"A escova dental elétrica parou de carregar na primeira semana.",negativo
"O travesseiro afundou completamente e virou uma folha de papel.",negativo
"O edredom solta fiapos sem parar e dá coceira.",negativo
"A cortina veio com manchas de graxa e cheiro de mofo forte.",negativo
"O tapete escorrega no chão e quase sofri uma queda feia.",negativo
"A mesa de jantar veio com os pés bambos e lascados.",negativo
"As cadeiras são tão desconfortáveis que dão dor nas costas em minutos.",negativo
"O armário tem portas tortas que não fecham direito.",negativo
"A fechadura digital come pilha em menos de três dias.",negativo
"A câmera de segurança tem uma imagem tão granulada que não dá para ver nada.",negativo
"O interfone chiando tanto que é impossível ouvir quem chama.",negativo
"O portão automático travou aberto no meio da chuva.",negativo
"O pneu estourou na rodovia por causa de um defeito estrutural oculto.",negativo
"O óleo do motor vazou todinho na garagem de casa.",negativo
"O limpador de para-brisa esfarelou na primeira chuva forte.",negativo
"O suporte para celular quebrou com a vibração do carro.",negativo
"O carregador veicular queimou o fusível do meu carro.",negativo
"O capacete machuca a testa e tem o fecho frouxo perigoso.",negativo
"A luva de proteção rasgou na costura dos dedos no frio.",negativo
"A barraca de camping entrou água por todas as costuras na tempestade.",negativo
"O saco de dormir é fino e gelado, passei frio a noite inteira.",negativo
"A lanterna pisca sem parar e a pilha afrouxa no suporte.",negativo
"O canivete veio cego e enferrujado na lâmina.",negativo
"A mochila de hidratação vaza água pelas costas inteiras.",negativo
"O skate veio com rolamentos travados e eixo torto.",negativo
"A bola de futebol murchou sozinha no primeiro chute forte.",negativo
"A raquete de tênis entortou a armação na primeira partida.",negativo
"O tapete de yoga escorrega no chão e rasga com a unha.",negativo
"A corda de pular enrola toda e machuca os braços.",negativo
"O halter descascou a borracha e sujou todo o chão.",negativo
"Os elásticos de resistência arrebentaram na minha cara durante o treino.",negativo
"A barra de porta escapou do batente e sofri uma queda feia.",negativo
"A coqueteleira vaza líquido por toda a tampa ao agitar.",negativo
"O cooler do processador faz um barulho de turbina de avião.",negativo
"A pasta térmica veio seca e empelotada dentro da seringa.",negativo
"O cabo de rede veio com o conector quebrado e sem sinal.",negativo
"O adaptador USB esquenta tanto que chega a queimar o dedo.",negativo
"O hub USB desconecta todos os aparelhos ao mesmo tempo.",negativo
"O suporte para notebook é tão frágil que despencou com o peso.",negativo
"O organizador de mesa veio quebrado ao meio dentro da caixa.",negativo
"A experiência com este produto foi absolutamente desastrosa.",negativo
"O atendimento telefônico é uma piada de mau gosto, nunca atendem.",negativo
"A entrega atrasou tanto que o evento para o qual comprei já havia passado.",negativo
"O material é tão vagabundo que rasgou só de olhar.",negativo
"Fui totalmente ignorado pelo suporte quando pedi meu reembolso.",negativo
"O produto anunciado não tem nada a ver com o que chegou na caixa.",negativo
"O vendedor foi extremamente grosseiro quando fui reclamar na loja.",negativo
"A cor do produto é totalmente diferente e feia pessoalmente.",negativo
"Dinheiro jogado no lixo, arrependimento profundo de ter comprado.",negativo
"A bateria não segura carga nem por dez minutos seguidos.",negativo
"O sistema operacional trava tanto que dá vontade de jogar o celular na parede.",negativo
"A câmera tem um foco péssimo, as fotos saem todas borradas e sem cor.",negativo
"O tecido é áspero, pinica a pele e solta uma tinta horrível na lavagem.",negativo
"O espaço interno do produto é muito mal aproveitado e apertado.",negativo
"A lâmpada smart veio queimada de fábrica e não acende de jeito nenhum.",negativo
"O som distorce tanto que parece que o alto-falante está rasgado.",negativo
"A ergonomia é terrível, machuca os dedos após poucos minutos de uso.",negativo
"O gabinete veio com a lateral de vidro estilhaçada em mil pedaços.",negativo
"A política de troca da loja é burocrática e feita para desestimular o cliente.",negativo
"O aplicativo fecha sozinho toda vez que tento acessar a minha conta.",negativo
"A reserva foi cancelada de última hora e o hotel não quis estornar.",negativo
"O guia foi desinteressado, mal-humorado e estragou o passeio inteiro.",negativo
"A comida veio com gosto de ranço e me deu uma infecção estomacal.",negativo
"O corte de cabelo ficou totalmente desproporcional e cheio de falhas.",negativo
"O suplemento tem um gosto químico horrível que embrulha o estômago.",negativo
"A creatina veio empelotada em um bloco duro impossível de dissolver.",negativo
"O whey protein empelota inteiro no shake e tem gosto de remédio.",negativo
"A calça veio com o zíper completamente quebrado e costura aberta.",negativo
"O tênis machuca o calcanhar de um jeito insuportável.",negativo
"A jaqueta não protege do vento e a costura abriu no primeiro dia.",negativo
"O óculos veio com a lente torta e o parafuso espanado.",negativo
"O relógio inteligente reinicia sozinho e perde a conexão com o celular.",negativo
"A mochila tem alças fracos que rasgaram com um caderno leve dentro.",negativo
"O livro veio com páginas coladas, rasgadas e faltando o final.",negativo
"A leitura é densa, mal escrita e cheia de contradições sem sentido.",negativo
"O curso online é uma grande enganação, só repete o óbvio.",negativo
"O instrutor do curso trata os alunos com desdém no fórum.",negativo
"A certificação não tem validade real e o conteúdo é ultrapassado.",negativo
"O script de automação gerou um loop infinito e travou o servidor.",negativo
"A nuvem caiu no meio do expediente e perdemos dados importantes.",negativo
"O banco de dados corrompeu tabelas inteiras sem motivo aparente.",negativo
"A API está cheia de bugs críticos e a documentação mente sobre as rotas.",negativo
"O layout responsivo quebrou completamente em telas menores.",negativo
"A transação deu erro, debitou do meu cartão e a compra sumiu.",negativo
"O PIX não foi reconhecido pelo sistema e cancelaram meu pedido.",negativo
"O programa de fidelidade é pura ilusão, não dá para resgatar nada.",negativo
"A limpeza do estabelecimento era precária, cheiro forte de esgoto.",negativo
"O ar-condicionado faz tanto barulho que parece um trator ligado.",negativo
"A smart TV perde o sinal de rede constantemente e reinicia sozinha.",negativo
"O aspirador robô fica rodando em círculos e não limpa a poeira.",negativo
"A airfryer parou de funcionar completamente na segunda semana.",negativo
"A cafeteira vaza café por todas as juntas e estraga a mesa.",negativo
"A batedeira soltou fumaça preta e cheiro de plástico queimado.",negativo
"O ferro de passar manchou minha camisa social favorita de ferrugem.",negativo
"O secador de cabelo desliga sozinho quando esquenta um pouco.",negativo
"A chapinha belisca o cabelo e quebra os fios no meio.",negativo
"O barbeador elétrico puxa os pelos em vez de cortar, uma tortura.",negativo
"O creme hidratante deixou minha pele vermelha e descascando.",negativo
"O protetor solar escorre com o suor e arde os olhos terrivelmente.",negativo
"O sabonete líquido tem um cheiro enjoativo que dá dor de cabeça.",negativo
"A escova elétrica parou de girar na primeira escovação.",negativo
"O travesseiro afundou de vez e virou uma capa vazia.",negativo
"O edredom solta tantos fiapos que encheu o quarto de poeira.",negativo
"A cortina veio com um rasgo enorme na barra e cheiro de mofo.",negativo
"O tapete é escorregadio e perigoso, quase escorreguei feio.",negativo
"A mesa de jantar veio com os parafusos faltando e a madeira lascada.",negativo
"As cadeiras são tão duras que dão dor lombar em dez minutos.",negativo
"O armário veio com as portas empenadas que não encostam.",negativo
"A fechadura digital trava na senha correta e recusa a entrada.",negativo
"A câmera de segurança tem uma qualidade de imagem horrível e chuviscada.",negativo
"O interfone só dá chiado e não dá para ouvir absolutamente nada.",negativo
"O portão eletrônico emperrou no meio do caminho e não fechava.",negativo
"O pneu veio com defeito de vulcanização e apresentou bolha na lateral.",negativo
"O óleo do motor era falsificado e quase fundiu o motor do carro.",negativo
"O limpador de para-brisa riscou o vidro inteiro do meu carro novo.",negativo
"O suporte veicular despencou do painel com o carro em movimento.",negativo
"O carregador veicular esquentou tanto que derreteu a entrada USB.",negativo
"O capacete é extremamente pesado e machuca a nuca.",negativo
"A luva de frio rasgou na ponta dos dedos no primeiro uso.",negativo
"A barraca de camping alagou inteira com uma chuva fraca.",negativo
"O saco de dormir é super fino e passei frio a noite toda.",negativo
"A lanterna veio com o compartimento de pilha oxidado.",negativo
"O canivete veio cego e com a mola frouxa que não trava.",negativo
"A mochila de hidratação veio com o reservatório furado.",negativo
"O skate veio com rolamentos emperrados que não giram nada.",negativo
"A bola de futebol rasgou a costura no segundo chute.",negativo
"A raquete de tênis entortou a estrutura na primeira rebatida forte.",negativo
"O tapete de yoga escorrega muito no piso e rasga fácil.",negativo
"A corda de pular vive embolando e machuca os braços.",negativo
"O halter descascou todo e espalhou pedaços de ferro no chão.",negativo
"Os elásticos de resistência arrebentaram e me deram uma chicotada.",negativo
"A barra de porta entortou e quase caiu com meu peso.",negativo
"A coqueteleira vaza líquido por toda a rosca da tampa.",negativo
"O cooler do processador faz um barulho ensurdecedor e não resfria.",negativo
"A pasta térmica veio seca como pedra dentro da embalagem.",negativo
"O cabo de rede veio com o clipe de fixação quebrado.",negativo
"O adaptador USB causa curto-circuito na porta do computador.",negativo
"O hub USB desconecta os dispositivos aleatoriamente o tempo todo.",negativo
"O suporte de notebook despencou com o peso e danificou meu PC.",negativo
"O organizador de mesa veio trincado ao meio dentro da caixa.",negativo
"A pior compra que fiz na minha vida, atendimento lixo e produto imprestável.",negativo
"O produto veio com defeito e a loja se recusa a fazer o reembolso.",negativo
"O entregador jogou a caixa por cima do portão e quebrou o item.",negativo
"O atendimento via chat é péssimo, fecham a janela sem responder.",negativo
"A qualidade do som é horrível, parece que foi feito com lata velha.",negativo
"O aplicativo trava e fecha sozinho toda vez que tento fazer login.",negativo
"O tecido é extremamente grosso, pinica e esquenta demais.",negativo
"O tamanho é totalmente desproporcional, comprei GG e parece tamanho P.",negativo
"O manual não explica nada e veio em um idioma ilegível.",negativo
"O custo-benefício é ridículo para um produto tão descartável.",negativo
"A bateria descarrega em menos de quarenta minutos de uso moderado.",negativo
"O acabamento tem rebarbas cortantes que machucam a mão.",negativo
"A imagem da televisão tiene chuviscos constantes e cores lavadas.",negativo
"O teclado mecânico veio com três switches mortos que não respondem.",negativo
"A comida chegou totalmente fria, revirada e com embalagem vazando.",negativo
"O quarto do hotel tinha um cheiro insuportável de esgoto entupido.",negativo
"O aspirador de pó não tem sucção nenhuma, varrer com vassoura é melhor.",negativo
"O livro veio com dezenas de páginas em branco no meio da história.",negativo
"O aplicativo de banco cobrou IOF indevido e o suporte não estorna.",negativo
"O tênis machucou tanto os meus pés que tirou couro nos dois calcanhares.",negativo
"A lâmpada inteligente pisca como uma discoteca e desconfigura sozinha.",negativo
"O roteador cai toda vez que ligo o micro-ondas na cozinha.",negativo
"O relógio inteligente soltou a pulseira no primeiro dia de caminhada.",negativo
"O monitor Quad HD veio com um risco enorme na película interna.",negativo
"O motorista do Uber cancelou a corrida na minha cara e foi embora.",negativo
"O suplemento veio empelotado parecendo cimento e com prazo vencido.",negativo
"A barbearia foi um terror, saí de lá com o cabelo totalmente trágico.",negativo
"A infraestrutura em nuvem caiu por quatro horas e perdemos clientes.",negativo
"O script gerou um erro crítico e apagou o banco de dados de produção.",negativo
"A documentação da API omite justamente os passos de autenticação.",negativo
"O mousepad veio rasgado nas bordas e com cheiro forte de química.",negativo
"O acabamento em alumínio descascou inteiro com o suor das mãos.",negativo
"O notebook esquenta tanto que desliga por proteção térmica a cada hora.",negativo
"A mochila tem zíperes de péssima qualidade que emperram e quebram.",negativo
"O chocolate veio totalmente derretido, velho e esbranquiçado.",negativo
"A recepcionista da clínica foi irônica e extremamente descortês.",negativo
"O ar-condicionado faz tanto barulho que parece uma britadeira ligada.",negativo
"O sistema de alarme disparou sozinho três vezes na mesma madrugada.",negativo
"A camisa veio com uma mancha amarelada gigante na gola.",negativo
"O óculos de sol veio com as hastes tortas e frouxas.",negativo
"O carregador turbo parou de carregar após a terceira tomada.",negativo
"O colchão afundou no meio e agora acordo com dores terríveis na coluna.",negativo
"O perfume tem um odor químico forte que causa enxaqueca instantânea.",negativo
"A câmera do celular embaça a lente por dentro com o calor.",negativo
"O organizador de cabos quebrou ao tentar dobrar a primeira presilha.",negativo
"O curso online é uma fraude, só repete conceitos básicos do YouTube.",negativo
"O pagamento foi recusado mas o dinheiro sumiu da minha conta corrente.",negativo
"O app consome toda a memória RAM e trava o celular inteiro.",negativo
"A conta de luz veio absurda e o painel solar não abateu nada.",negativo
"A assistência técnica inventou defeitos que não existem para cobrar caro.",negativo
"A calça jeans descosturou inteira na virilha no primeiro uso.",negativo
"O ferro de passar soltou fumaça preta e queimou minha blusa nova.",negativo
"O ventilador veio faltando as porcas de fixação da base.",negativo
"A fechadura digital travou fechada e tive que chamar um chaveiro.",negativo
"O bolo de aniversário estava completamente rançoso e duro.",negativo
"A chave de fenda espanou no primeiro parafuso de metal leve.",negativo
"O suporte ergonômico é tão mole que o monitor despencou na mesa.",negativo
"A tradução do livro é bizarra, frases sem nenhum sentido lógico.",negativo
"O produto disfarça falhas de forma grosseira e solta pozinho na mão.",negativo
"As costuras vieram todas abertas nas laterais da bermuda.",negativo
"O fone de ouvido abafa zero o barulho e vaza som insuportável.",negativo
"O painel do carro veio com encaixes quebrados e folgas enormes.",negativo
"O freio do carro começou a raspar ferro com ferro no dia seguinte.",negativo
"O banco do carro é duro e desconfortável para viagens curtas.",negativo
"O piso laminado descolou inteiro com a umidade normal da limpeza.",negativo
"A torneira veio jorrando água por cima da rosca principal.",negativo
"O filtro de água deixa um retrogosto horrível de plástico queimado.",negativo
"A churrasqueira elétrica desarma o disjuntor da casa inteira.",negativo
"O travesseiro de viscoelástico virou uma massa disforme e mole.",negativo
"A compra foi cancelada pela loja sem nenhuma justificativa prévia.",negativo
"O rastreio do pacote travou na mesma cidade há dez dias.",negativo
"O manual é impresso com letras minúsculas ilegíveis.",negativo
"O kit veio faltando o componente principal da montagem.",negativo
"O chat de suporte é um robô burro que entra em looping infinito.",negativo
"O jogo fecha sozinho toda vez que tento entrar na fase final.",negativo
"A expansão de armazenamento corrompeu minhas fotos de família.",negativo
"O cabo de nylon arrebentou só com o peso de puxar da tomada.",negativo
"A escova alisadora cheirava a queimado e estragou as pontas do cabelo.",negativo
"O protetor solar deixou meu rosto branco empelotado e oleoso.",negativo
"A vitamina C veio oxidada, marrom e com cheiro azedo.",negativo
"O whey protein tem um gosto químico que dá ânsia de vômito.",negativo
"O tapete é super escorregadio, quase caí da escada com ele.",negativo
"A cortina é tão transparente que parece uma folha de papel vegetal.",negativo
"O adesivo decorativo soltou da parede em menos de duas horas.",negativo
"A caixa de som portátil estourou o falante com metade do volume.",negativo
"O crachá veio com erro grosseiro de digitação no meu nome.",negativo
"O imã do crachá é tão fraco que cai da geladeira ao fechar a porta.",negativo
"A agenda veio com folhas rasgadas e espiral amassada.",negativo
"A caneta veio entupida e não sai uma gota de tinta.",negativo
"A mochila veio com os cursores dos zíperes quebrados.",negativo
"O estojo escolar rasgou na costura inferior logo na primeira semana.",negativo
"O grampeador veio torto e esmaga todos os grampos sem fixar.",negativo
"A tesoura veio completamente cega, não corta nem linha de costura.",negativo
"O corretor em fita emperrou o rolo inteiro e rasgou o papel.",negativo
"O atendimento telefônico deixa o cliente ouvindo musiquinha por uma hora.",negativo
"A entrega demorou tanto que tive que comprar outro em loja física.",negativo
"O material é tão frágil que parece brinquedo de plástico barato.",negativo
"A loja sumiu com o meu pedido e não responde os e-mails.",negativo
"O produto anunciado é uma propaganda totalmente enganosa.",negativo
"O vendedor foi extremamente mal-educado na reclamação.",negativo
"Uma experiência horrível do início ao fim, nunca mais compro.",negativo
"O produto apresentou defeito na primeira semana de uso.",negativo
"O serviço foi de uma incompetência sem tamanho.",negativo
"A assistência técnica cobrou um absurdo e não arrumou nada.",negativo
"O aplicativo fecha sozinho toda vez que tento realizar o pagamento.",negativo
"O entregador foi mal educado e jogou a encomenda no chão.",negativo
"A qualidade do tecido é péssima, parece TNT estragado.",negativo
"O tamanho veio totalmente errado, mesmo seguindo a tabela da loja.",negativo
"O atendimento via chat é um verdadeiro robô que não resolve nada.",negativo
"A bateria não dura nem duas horas com o celular em standby.",negativo
"O som do microfone tem um chiado insuportável de fundo.",negativo
"O curso online é raso, repetitivo e não agrega nenhum valor prático.",negativo
"A comida chegou totalmente fria e com embalagem aberta.",negativo
"O quarto do hotel estava com um cheiro horrível de mofo e cigarro.",negativo
"O aspirador de pó quebrou a alça no primeiro dia de faxina.",negativo
"O livro veio com dezenas de páginas rasgadas e faltando o prefácio.",negativo
"O banco cobrou tarifas abusivas sem nenhum aviso prévio.",negativo
"O tênis machucou tanto meu calcanhar que infeccionou.",negativo
"A lâmpada inteligente desconecta da rede a todo momento.",negativo
"O roteador trava a internet inteira quando conectamos três aparelhos.",negativo
"O relógio inteligente travou na tela de logo e não liga mais.",negativo
"O monitor Quad HD veio com uma linha vertical verde na tela.",negativo
"O motorista do Uber cancelou a corrida sem justificativa e me deixou plantado.",negativo
"O suplemento veio empelotado e com o lacre violado.",negativo
"A barbearia foi uma decepção total, o corte ficou completamente torto.",negativo
"A infraestrutura em nuvem falhou no momento mais crítico do nosso lançamento.",negativo
"O script de automação corrompeu todos os dados da planilha principal.",negativo
"A documentação da API está desatualizada e cheia de erros de código.",negativo
"O mousepad veio sujo de graxa e com as bordas descolando.",negativo
"O acabamento emborrachado está derretendo e grudando nos dedos.",negativo
"O notebook superaquece tanto que queima as pernas ao usar no colo.",negativo
"A mochila tem zíperes frágeis que quebraram na primeira viagem.",negativo
"O chocolate veio totalmente derretido e rançoso.",negativo
"A recepcionista foi extremamente grossa e mal-humorada.",negativo
"O ar-condicionado faz um barulho estridente que impede qualquer sono.",negativo
"O sistema de alarme disparava falsos positivos o dia inteiro.",negativo
"A camisa veio com uma mancha escura irreversível na frente.",negativo
"O óculos de sol veio com as lentes riscadas e armação torta.",negativo
"O carregador turbo parou de funcionar com três dias de uso.",negativo
"O colchão afundou completamente no centro em menos de um mês.",negativo
"O perfume tem um odor químico forte que causa náuseas instantâneas.",negativo
"A câmera do celular embaça por dentro com qualquer mudança de temperatura.",negativo
"O organizador de cabos quebrou ao tentar encaixar um fio fino.",negativo
"O curso online é uma propaganda enganosa de conceitos básicos.",negativo
"O pagamento foi recusado pela operadora mas o dinheiro sumiu da conta.",negativo
"O aplicativo consome toda a bateria e trava o sistema operacional.",negativo
"A conta de luz veio absurda e o painel solar não gerou economia alguma.",negativo
"A assistência técnica inventou falhas inexistentes para encarecer o orçamento.",negativo
"A calça jeans rasgou na costura principal durante uma caminhada leve.",negativo
"O ferro de passar soltou fumaça preta e manchou minha roupa nova.",negativo
"O ventilador veio faltando peças fundamentais para a montagem.",negativo
"A fechadura digital travou com a porta trancada e fiquei preso fora de casa.",negativo
"O bolo de aniversário estava seco e com gosto de ingrediente vencido.",negativo
"A chave de fenda espanou no primeiro parafuso de metal comum.",negativo
"O suporte ergonômico é tão frágil que cedeu com o peso do monitor.",negativo
"A tradução do livro é um desastre, frases sem nenhum nexo gramatical.",negativo
"O produto disfarça falhas de forma grosseira e solta pozinho na mão.",negativo
"As costuras da bermuda vieram todas abertas e desfiando.",negativo
"O fone de ouvido não isola nada e vaza todo o som para fora.",negativo
"O painel do carro veio com presilhas quebradas e folgas irritantes.",negativo
"O freio do carro começou a chiar alto e perder a sensibilidade.",negativo
"O banco do carro é duro e desconfortável para percursos curtos.",negativo
"O piso laminado estufou com o mínimo de umidade na limpeza.",negativo
"A torneira veio jorrando água pela rosca superior sem vedação.",negativo
"O filtro de água deixa um retrogosto muito forte de plástico velho.",negativo
"A churrasqueira elétrica desarma o disjuntor da casa inteira ao ligar.",negativo
"O travesseiro de viscoelástico virou uma massa mole e sem forma.",negativo
"A compra foi cancelada pela loja sem nenhuma explicação prévia.",negativo
"O rastreio do pacote travou na mesma cidade há mais de uma semana.",negativo
"O manual de instruções é impresso com letras minúsculas ilegíveis.",negativo
"O kit veio faltando o componente principal para o funcionamento.",negativo
"O chat de suporte é um bot inútil que entra em loop infinito.",negativo
"O jogo fecha sozinho toda vez que tento carregar a última fase.",negativo
"A expansão de armazenamento corrompeu minhas fotos e vídeos.",negativo
"O cabo de nylon arrebentou só com a força de puxar da tomada.",negativo
"A escova alisadora soltou cheiro de queimado e estragou meu cabelo.",negativo
"O protetor solar deixou meu rosto branco, empelotado e oleoso.",negativo
"A vitamina C veio totalmente oxidada, marrom e com cheiro azedo.",negativo
"O whey protein tem um gosto químico horrível que dá ânsia.",negativo
"O tapete é super escorregadio, quase sofri uma queda grave.",negativo
"A cortina é tão transparente que parece uma folha de papel.",negativo
"O adesivo decorativo soltou da parede em menos de duas horas.",negativo
"A caixa de som portátil estourou o alto-falante com metade do volume.",negativo
"O crachá veio com um erro grosseiro de digitação no meu nome.",negativo
"O imã do crachá é tão fraco que cai da geladeira ao encostar.",negativo
"A agenda veio com folhas rasgadas e espiral totalmente amassada.",negativo
"A caneta veio seca e não sai uma única gota de tinta.",negativo
"A mochila veio com os cursores dos zíperes quebrados e emperrados.",negativo
"O estojo escolar rasgou na costura inferior logo na primeira semana.",negativo
"O grampeador veio desalinhado e esmaga todos os grampos.",negativo
"A tesoura veio completamente cega, não corta nem papel comum.",negativo
"O corretor em fita emperrou o rolo inteiro na primeira passada.",negativo
"O atendimento telefônico deixa o cliente mofando na linha por uma hora.",negativo
"A entrega demorou tanto que tive que comprar outro item de urgência.",negativo
"O material é tão frágil que parece brinquedo de plástico barato de R$ 1,99.",negativo
"A loja sumiu com o meu pedido e não responde nenhum e-mail.",negativo
"O produto anunciado é uma propaganda totalmente enganosa e falsa.",negativo
"O vendedor foi extremamente mal-educado na reclamação da troca.",negativo
"Uma experiência horrível do início ao fim, nunca mais compro nesta loja.",negativo
"O conector USB do carregador veio torto e não encaixa no celular.",negativo
"O atendimento foi tão ruim que preferi jogar o produto no lixo.",negativo
"O produto foi entregue no endereço correto.",neutro
"A embalagem contém o item e o manual de instruções.",neutro
"Recebi o código de rastreio por e-mail na segunda-feira.",neutro
"O pacote chegou dentro do prazo previsto pelo sistema.",neutro
"A nota fiscal eletrônica foi enviada para o meu e-mail cadastrado.",neutro
"O entregador deixou a encomenda na portaria do prédio.",neutro
"O item corresponde às especificações técnicas descritas no site.",neutro
"A caixa externa veio lacrada com fita adesiva da loja.",neutro
"O pagamento foi confirmado e o pedido mudou para o status de separação.",neutro
"O manual está impresso em português e inglês.",neutro
"O produto veio acompanhado do termo de garantia do fabricante.",neutro
"A voltagem do aparelho é bivolt conforme especificado.",neutro
"A cor do produto é preta com detalhes cinzas.",neutro
"O tamanho da caixa é compatível com o transporte padrão.",neutro
"A atualização do rastreio ocorreu na manhã de ontem.",neutro
"O pedido foi postado nos Correios dentro do horário comercial.",neutro
"A montagem deve ser realizada seguindo o passo a passo do folheto.",neutro
"O item possui dimensões padrão para essa categoria.",neutro
"A etiqueta de envio estava colada na parte superior da caixa.",neutro
"O produto veio em uma caixa de papelão parda comum.",neutro
"A confirmação de entrega foi assinada pelo recebedor.",neutro
"O tempo de garantia informado é de doze meses.",neutro
"O cabo de alimentação acompanha o equipamento na caixa.",neutro
"As pilhas necessárias para o funcionamento não estão inclusas.",neutro
"O peso total do pacote é de aproximadamente dois quilos.",neutro
"O produto possui suporte para fixação na parede.",neutro
"A chave allen necessária para a montagem veio inclusa.",neutro
"O conector segue o padrão brasileiro de três pinos.",neutro
"O sistema operacional instalado é a versão de fábrica.",neutro
"A capacidade de armazenamento é a mesma informada na ficha técnica.",neutro
"O item passou pela fiscalização alfandegária sem incidência de taxas.",neutro
"A transportadora realizou duas tentativas de entrega no endereço.",neutro
"O comprovante de recebimento foi gerado de forma digital.",neutro
"A troca de titularidade da garantia pode ser feita pelo site.",neutro
"O produto utiliza entrada USB tipo C para carregamento.",neutro
"A frequência de operação é de 2.4 GHz.",neutro
"O material externo é composto por plástico ABS.",neutro
"O kit contém quatro unidades do mesmo item.",neutro
"A validade do produto impresso na embalagem é para o próximo ano.",neutro
"O atendimento automatizado forneceu o protocolo de atendimento.",neutro
"A solicitação de cancelamento foi registrada no sistema.",neutro
"O estorno foi processado para a mesma forma de pagamento original.",neutro
"A alteração de endereço de entrega não pôde ser feita após a postagem.",neutro
"O horário limite para postagem no mesmo dia encerrou ao meio-dia.",neutro
"A consulta de status pode ser feita através do número do pedido.",neutro
"O documento de identidade foi solicitado no momento da retirada na agência.",neutro
"A transportadora informou que o fluxo de entregas está normalizado na região.",neutro
"O produto veio acondicionado em plástico bolha dentro da caixa.",neutro
"A leitura do código de barras na nota fiscal foi realizada no terminal.",neutro
"O histórico de compras fica disponível na área do cliente.",neutro
"O cadastro da nova senha foi concluído com sucesso.",neutro
"A sessão expirou após alguns minutos de inatividade no sistema.",neutro
"O arquivo de backup foi salvo no diretório padrão.",neutro
"A versão do firmware está atualizada para o lote de fabricação.",neutro
"O relatório de vendas foi exportado em formato CSV.",neutro
"A conexão com o servidor foi estabelecida usando o protocolo HTTPS.",neutro
"O script de instalação executou os comandos padrão no terminal.",neutro
"A dependência foi instalada utilizando o gerenciador de pacotes.",neutro
"O arquivo de configuração está localizado na raiz do projeto.",neutro
"A variável de ambiente foi definida no arquivo de sistema.",neutro
"O log de eventos registrou a inicialização do serviço.",neutro
"A tabela do banco de dados possui três colunas principais.",neutro
"A consulta SQL retornou o número total de registros esperados.",neutro
"O endereço IP foi atribuído dinamicamente pelo servidor DHCP.",neutro
"A porta de comunicação utilizada é a padrão para esse protocolo.",neutro
"O certificado digital está válido para o domínio informado.",neutro
"A compilação do código gerou o executável no diretório de saída.",neutro
"O repositório local foi sincronizado com a branch principal.",neutro
"O commit foi registrado com a mensagem descritiva da alteração.",neutro
"A biblioteca externa foi importada no início do script Python.",neutro
"O formato da data exibida segue o padrão brasileiro DD/MM/AAAA.",neutro
"A tabela possui paginação configurada para dez itens por visualização.",neutro
"O formulário contém campos obrigatórios marcados com asterisco.",neutro
"O botão de envio fica desativado até o preenchimento completo.",neutro
"A mensagem de confirmação apareceu após o clique no botão.",neutro
"O menu lateral contém os links para as demais páginas do sistema.",neutro
"A barra de navegação permanece fixa no topo da tela.",neutro
"O rodapé da página exibe os direitos autorais reservados.",neutro
"O modo escuro foi ativado nas configurações de preferência.",neutro
"A resolução da tela ajustou-se automaticamente ao dispositivo.",neutro
"O arquivo PDF foi gerado e disponibilizado para download.",neutro
"A impressão do documento ocorreu na impressora padrão da rede.",neutro
"O scanner digitalizou a folha em formato A4 com resolução de 300 DPI.",neutro
"A bateria do notebook estava com carga de cinquenta porcento ao ligar.",neutro
"O brilho da tela veio ajustado no nível intermediário de fábrica.",neutro
"O idioma selecionado no primeiro boot foi o português do Brasil.",neutro
"O teclado possui o layout padrão ABNT2 com a tecla Ç.",neutro
"O mouse óptico possui fio com um metro e meio de comprimento.",neutro
"A resolução máxima suportada pelo monitor é Full HD.",neutro
"A taxa de atualização da tela está configurada em 60 Hertz.",neutro
"O adaptador de tomada veio no padrão antigo de dois pinos redondos.",neutro
"O cabo HDMI tem dois metros de extensão.",neutro
"O roteador possui quatro portas LAN e uma porta WAN.",neutro
"O sinal de rede sem fio utiliza as bandas de 2.4 e 5 GHz.",neutro
"O espaço livre em disco após a formatação é de aproximadamente noventa gigabytes.",neutro
"A memória RAM instalada é de oito gigabytes.",neutro
"O processador possui quatro núcleos de execução.",neutro
"A placa de vídeo integrada utiliza parte da memória principal.",neutro
"O gabinete possui baias para instalação de discos rígidos adicionais.",neutro
"A ventoinha do cooler funciona com controle de rotação por PWM.",neutro
"A pasta térmica foi aplicada entre o processador e o dissipador.",neutro
"O conector de energia da placa-mãe possui vinte e quatro pinos.",neutro
"O painel frontal possui duas portas USB e conexões de áudio.",neutro
"A fonte de alimentação possui chave seletora de voltagem manual.",neutro
"O estabilizador de tensão foi conectado à tomada da parede.",neutro
"A lâmpada LED possui potência nominal de nove watts.",neutro
"O fluxo luminoso da lâmpada é de oitocentos lúmens.",neutro
"A temperatura de cor da luz emitida é de 6500 Kelvin.",neutro
"O disjuntor do circuito foi dimensionado para dez amperes.",neutro
"A tomada de três pinos suporta corrente de até vinte amperes.",neutro
"O cano de PVC foi cortado com o comprimento de um metro.",neutro
"A conexão hidráulica utiliza rosca padrão de meia polegada.",neutro
"O registro de pressão foi fechado para a manutenção do encanamento.",neutro
"A fita isolante foi aplicada nas emendas dos fios elétricos.",neutro
"O parafuso utilizado é do tipo philips com rosca soberba.",neutro
"A bucha de fixação na parede é do tamanho número oito.",neutro
"O nível de bolha foi utilizado para alinhar a prateleira.",neutro
"A trena indicou a medida exata de duzentos centímetros.",neutro
"O pincel utilizado foi o de cerdas macias para pintura em tela.",neutro
"A tinta secou após o intervalo de quatro horas indicado pelo fabricante.",neutro
"O solvente foi utilizado para a limpeza dos pincéis.",neutro
"O tecido de algodão passou pelo processo de pré-lavagem.",neutro
"A costura foi feita com linha de poliéster na cor branca.",neutro
"O zíper utilizado é do tipo comum com fecho de metal.",neutro
"O botão foi fixado com quatro pontos de costura.",neutro
"A etiqueta interna contém as instruções de lavagem da peça.",neutro
"O cabide foi utilizado para pendurar a camisa no armário.",neutro
"A gaveta possui corrediças metálicas com rolamentos.",neutro
"A porta do armário foi alinhada regulando as dobradiças.",neutro
"O puxador é fabricado em liga metálica escovada.",neutro
"O vidro da mesa tem espessura de oito milímetros.",neutro
"A madeira utilizada na estrutura é compensado naval.",neutro
"O tapete foi posicionado no centro da sala de estar.",neutro
"A cortina possui ilhós para encaixe no varão.",neutro
"O colchão possui densidade D33 conforme norma técnica.",neutro
"O travesseiro é preenchido com fibra siliconada antialérgica.",neutro
"O lençol possui elástico nas quatro extremidades para fixação.",neutro
"A fronha acompanha o conjunto de cama padrão solteiro.",neutro
"A toalha de banho tem composição cem porcento algodão.",neutro
"O sabonete em barra possui peso líquido de noventa gramas.",neutro
"O shampoo veio em embalagem plástica com tampa dosadora.",neutro
"O condicionador tem pH neutro indicado para uso diário.",neutro
"O creme dental contém flúor ativo na formulação.",neutro
"A escova de dentes possui cerdas com pontas polidas.",neutro
"O fio dental tem comprimento de cinquenta metros no carretel.",neutro
"O enxaguante bucal não contém álcool na composição.",neutro
"O desodorante aerossol possui jato seco.",neutro
"O perfume foi armazenado em frasco de vidro com borrifador.",neutro
"O protetor solar tem fator de proteção FPS 50.",neutro
"O hidratante corporal possui textura em loção cremosa.",neutro
"A base facial tem acabamento mate de média cobertura.",neutro
"O pó compacto acompanha espelho interno na embalagem.",neutro
"O rímel possui aplicador com cerdas de silicone.",neutro
"O batom tem efeito cremoso na cor vermelha.",neutro
"O esmalte foi aplicado em duas camadas sobre as unhas.",neutro
"O removedor de esmalte não contém acetona na fórmula.",neutro
"O secador de cabelo opera na potência de 2000 watts.",neutro
"A chapinha possui placas de cerâmica com emissão de íons.",neutro
"O barbeador elétrico funciona com bateria recarregável bivolt.",neutro
"A escova secadora possui seletor de três temperaturas.",neutro
"O ferro de passar possui reservatório de água para vapor.",neutro
"A airfryer tem capacidade interna para quatro litros.",neutro
"A batedeira acompanha duas tigelas de tamanhos diferentes.",neutro
"O liquidificador possui copo de vidro resistente a impactos.",neutro
"A cafeteira utiliza filtro permanente de nylon removível.",neutro
"O purificador de água possui sistema de filtragem por carvão ativado.",neutro
"O aspirador de pó possui cabo elétrico retrátil com botão.",neutro
"O robô aspirador possui sensores de desnível nas bordas.",neutro
"O micro-ondas tem capacidade volumétrica de trinta litros.",neutro
"A geladeira possui sistema de degelo frost free.",neutro
"O fogão possui quatro bocas com acendimento automático.",neutro
"O forno elétrico possui timer sonoro de até sessenta minutos.",neutro
"A lava-louças consome doze litros de água por ciclo padrão.",neutro
"A máquina de lavar roupas tem capacidade para onze quilos.",neutro
"O cesto de roupas sujas foi posicionado na área de serviço.",neutro
"O varal de chão possui abas laterais retráteis.",neutro
"O prendedor de roupas é fabricado em madeira com mola de aço.",neutro
"O balde de plástico tem capacidade para dez litros.",neutro
"A vassoura possui cerdas sintéticas de alta resistência.",neutro
"O rodo de alumínio possui borracha dupla para secagem.",neutro
"O pano de chão é composto por tecido de algodão cru.",neutro
"O detergente neutro tem embalagem de quinhentos mililitros.",neutro
"O desinfetante possui aroma de lavanda na composição.",neutro
"O limpa-vidros foi aplicado com flanela de microfibra.",neutro
"A esponja de limpeza possui dupla face abrasiva.",neutro
"O saco de lixo suporta capacidade de trinta litros.",neutro
"A lixeira de pedal possui cesto interno removível.",neutro
"O relógio de parede funciona com uma pilha tamanho AA.",neutro
"O calendário de mesa mostra os meses do ano vigente.",neutro
"A agenda telefônica possui capa dura com encadernação em espiral.",neutro
"O caderno universitário tem capa com estampa lisa.",neutro
"A caneta esferográfica tem tinta na cor azul.",neutro
"O lápis preto possui graduação HB para escrita.",neutro
"A borracha branca apaga escrita de lápis sem manchar o papel.",neutro
"O apontador possui depósito para resíduos de grafite.",neutro
"A tesoura escolar tem ponta arredondada por segurança.",neutro
"O tubo de cola branca tem bico aplicador dosador.",neutro
"O corretor líquido possui pincel aplicador na tampa.",neutro
"O grampeador de mesa suporta grampos tamanho 26/6.",neutro
"O extrator de grampos metálico acompanha o kit de escritório.",neutro
"A fita adesiva transparente tem largura de doze milímetros.",neutro
"O estilete possui trava de segurança na lâmina retrátil.",neutro
"O bloco de notas adesivas tem tamanho padrão quadrado.",neutro
"O marcador de texto possui tinta fluorescente amarela.",neutro
"A pasta catalogadora possui quarenta plásticos transparentes.",neutro
"O arquivo morto em papelão ondulado armazena documentos.",neutro
"O clipe de papel metálico tem revestimento plástico colorido.",neutro
"O crachá de identificação possui presilha tipo jacaré.",neutro
"O cordão para crachá tem largura de quinze milímetros.",neutro
"A carteira de couro possui compartimento para cartões.",neutro
"O cinto possui fivela metálica com ajuste por pinos.",neutro
"A meia de algodão canelada tem cor neutra preta.",neutro
"O pijama de inverno é confeccionado em tecido flanelado.",neutro
"O roupão de banho tem bolsos frontais e cinto de amarrar.",neutro
"O guarda-chuva possui abertura manual com oito varetas.",neutro
"O óculos de sol possui armação em acetato marrom.",neutro
"O relógio de pulso possui pulseira de aço inoxidável.",neutro
"A mochila escolar possui bolso frontal com fechamento em zíper.",neutro
"O estojo duplo possui dois compartimentos independentes.",neutro
"A lancheira térmica possui revestimento interno isolante.",neutro
"O copo térmico possui tampa com vedação em borracha.",neutro
"A garrafa térmica mantém a temperatura por seis horas.",neutro
"O cantil de alumínio possui mosquetão de fixação na alça.",neutro
"A bolsa térmica tem capacidade para seis latas de bebida.",neutro
"A esteira ergométrica possui painel digital com leitura de batimentos.",neutro
"A bicicleta ergométrica possui regulagem de altura do selim.",neutro
"O halteres revestido em vinil tem peso de cinco quilos.",neutro
"O colchonete de espuma tem densidade D20 para exercícios.",neutro
"O tapete de yoga mede cento e oitenta centímetros de comprimento.",neutro
"A corda de pular tem manoplas emborrachadas giratórias.",neutro
"O elástico extensor possui pegadores revestidos em espuma.",neutro
"A barra de apoio para flexão possui base antiderrapante.",neutro
"A coqueteleira plástica possui rede misturadora interna.",neutro
"O suplemento alimentar possui tabela nutricional impressa no rótulo.",neutro
"A balança digital de banheiro suporta até cento e cinquenta quilos.",neutro
"O pedido foi despachado pela central de distribuição na parte da manhã.",neutro
"A transportadora informou que o objeto está em rota de entrega.",neutro
"O comprovante de entrega foi assinado eletronicamente no local.",neutro
"A alteração nos dados cadastrais foi efetuada com sucesso.",neutro
"O boleto bancário tem vencimento para o próximo dia útil.",neutro
"O pagamento via cartão de crédito foi aprovado pela operadora.",neutro
"A fatura detalhada do mês anterior está disponível para download.",neutro
"O extrato de movimentações exibe todas as transações do período.",neutro
"A senha de acesso deve conter no mínimo oito caracteres alfanuméricos.",neutro
"O sistema enviou um código de verificação para o e-mail cadastrado.",neutro
"A recuperação de conta foi solicitada através do link de suporte.",neutro
"O perfil de usuário possui permissões padrão de visualização.",neutro
"A sessão do navegador foi encerrada por motivo de inatividade.",neutro
"O arquivo compactado foi descompactado na pasta de destino.",neutro
"A execução do script principal finalizou sem gerar erros de log.",neutro
"A atualização do sistema operacional foi agendada para a madrugada.",neutro
"O backup automático foi realizado no servidor secundário.",neutro
"A conexão de rede local opera com velocidade de um gigabit por segundo.",neutro
"O endereço MAC da placa de rede foi registrado no painel.",neutro
"A porta de comunicação do servidor foi alterada nas configurações.",neutro
"O banco de dados executou a consulta em milissegundos.",neutro
"A tabela de registros possui índices otimizados para busca.",neutro
"O arquivo de log armazena as operações realizadas nas últimas horas.",neutro
"A variável global foi declarada no escopo principal do programa.",neutro
"A função de retorno de chamada foi executada após o evento.",neutro
"O pacote de dependências foi atualizado para a versão estável.",neutro
"O código fonte foi versionado utilizando o sistema Git.",neutro
"A ramificação secundária foi mesclada com a branch principal.",neutro
"O ambiente de desenvolvimento está configurado na máquina local.",neutro
"O contêiner Docker foi iniciado utilizando o arquivo de configuração.",neutro
"A porta padrão da aplicação web foi configurada para oitenta.",neutro
"O certificado SSL está instalado no servidor de hospedagem.",neutro
"O domínio internet aponta para o endereço IP correto.",neutro
"A resposta da API retornou o código de status duzentos.",neutro
"O payload da requisição contém os parâmetros em formato JSON.",neutro
"O cabeçalho HTTP especifica o tipo de conteúdo aceito.",neutro
"A aplicação móvel consome os serviços através de rotas REST.",neutro
"O cache do navegador foi limpo para atualizar os arquivos estáticos.",neutro
"A página web foi estruturada utilizando elementos HTML e CSS.",neutro
"O script em JavaScript executa validações no formulário de cadastro.",neutro
"O framework utilizado na interface é compatível com dispositivos móveis.",neutro
"A tabela de dados possui paginação configurada com vinte linhas.",neutro
"O gráfico estatístico exibe a variação mensal dos acessos.",neutro
"O formulário possui campos condicionais que aparecem conforme a seleção.",neutro
"O botão de confirmação altera o estado do registro no sistema.",neutro
"A barra de rolagem vertical aparece quando o conteúdo excede a tela.",neutro
"O menu superior contém os links de navegação rápida.",neutro
"O rodapé da página institucional exibe o CNPJ e o endereço da empresa.",neutro
"A política de privacidade está descrita em documento próprio.",neutro
"Os termos de uso foram atualizados na última versão do portal.",neutro
"O produto possui certificação de conformidade expedida pelo órgão competente.",neutro
"A embalagem primária protege o item contra umidade e poeira.",neutro
"O manual do proprietário contém as instruções de segurança e operação.",neutro
"A garantia legal cobre defeitos de fabricação pelo período de noventa dias.",neutro
"O fabricante recomenda a limpeza do equipamento com pano seco.",neutro
"A rede elétrica deve estar desligada durante a instalação do aparelho.",neutro
"O disjuntor correspondente deve ser desativado antes da manutenção.",neutro
"O equipamento opera em temperatura ambiente entre dez e trinta graus.",neutro
"A umidade relativa do ar no local de armazenamento não deve exceder setenta por cento.",neutro
"O transporte do material deve ser feito na posição vertical indicada.",neutro
"A caixa possui marcações que indicam o lado correto para cima.",neutro
"O peso líquido do produto está impresso na etiqueta lateral.",neutro
"O código de barras EAN-13 identifica o item no sistema logístico.",neutro
"A nota fiscal acompanha o produto afixada na parte externa da caixa.",neutro
"O destinatário conferiu os itens no ato do recebimento.",neutro
"A divergência de inventário foi registrada pelo setor de controle.",neutro
"O estoque físico foi atualizado após a contagem rotativa.",neutro
"A reposição de mercadorias ocorre semanalmente conforme demanda.",neutro
"O centro de distribuição opera em dois turnos consecutivos.",neutro
"A frota de veículos realiza entregas em toda a região metropolitana.",neutro
"O roteiro de entrega foi otimizado pelo sistema de geolocalização.",neutro
"O consumo de combustível da frota é monitorado por telemetria.",neutro
"A manutenção preventiva dos veículos é realizada a cada dez mil quilômetros.",neutro
"O pneu sobressalente encontra-se no compartimento traseiro.",neutro
"O nível do óleo do motor foi verificado antes da viagem.",neutro
"O fluido de freio foi substituído na última revisão programada.",neutro
"O filtro de ar condicionado do veículo foi limpo recentemente.",neutro
"A bateria do carro possui capacidade de sessenta amperes.",neutro
"O alternador fornece carga constante para o sistema elétrico.",neutro
"As lanternas dianteiras utilizam lâmpadas halógenas originais.",neutro
"O para-brisa possui tratamento antirreflexo de fábrica.",neutro
"O retrovisor externo possui regulagem elétrica interna.",neutro
"A direção hidráulica facilita as manobras em baixa velocidade.",neutro
"O sistema de suspensão absorve os impactos das irregularidades da pista.",neutro
"Os freios ABS evitam o travamento das rodas em frenagens bruscas.",neutro
"O cinto de segurança de três pontos está instalado em todos os assentos.",neutro
"O airbag frontal aciona em colisões de intensidade moderada a alta.",neutro
"O painel de instrumentos indica a velocidade e a rotação do motor.",neutro
"O indicador de combustível mostra o nível atual no tanque.",neutro
"O hodômetro registra a quilometragem total percorrida pelo veículo.",neutro
"A chave de ignição aciona o sistema de partida eletrônica.",neutro
"O freio de estacionamento atua nas rodas traseiras.",neutro
"O compartimento de bagagem possui capacidade de quatrocentos litros.",neutro
"O estepe e as ferramentas de troca acompanham o veículo.",neutro
"O triplo alerta de sinalização encontra-se no porta-malas.",neutro
"O extintor de incêndio está dentro do prazo de validade.",neutro
"O documento de licenciamento anual está atualizado.",neutro
"O seguro automotivo cobre danos parciais e totais.",neutro
"A vistoria veicular foi concluída sem apontamento de restrições.",neutro
"A transferência de propriedade foi protocolada no órgão de trânsito.",neutro
"A lâmpada incandescente foi substituída por modelo de LED.",neutro
"O interruptor de parede controla o circuito da iluminação central.",neutro
"A tomada dupla está instalada na altura padrão de trinta centímetros do piso.",neutro
"O quadro de distribuição possui disjuntores bipolares e unipolares.",neutro
"O fio condutor possui seção nominal de dois vírgula cinco milímetros quadrados.",neutro
"O eletroduto embutido na parede protege a fiação elétrica.",neutro
"A caixa de passagem facilita a manutenção da rede de cabos.",neutro
"O disjuntor diferencial residual protege contra choques elétricos.",neutro
"O aterramento da instalação segue as normas técnicas vigentes.",neutro
"O relógio medidor de energia registra o consumo em quilowatts-hora.",neutro
"A conta de energia elétrica é emitida mensalmente pela concessionária.",neutro
"O registro geral de água controla o abastecimento do imóvel.",neutro
"O hidrômetro mede o volume de água consumido em metros cúbicos.",neutro
"O cano de esgoto possui diâmetro de cem milímetros.",neutro
"A caixa de gordura deve ser limpa periodicamente.",neutro
"O ralo sifonado impede o retorno de odores da tubulação.",neutro
"A pia da cozinha possui válvula com cesto de retenção.",neutro
"O sifão flexível conecta a cuba da pia à tubulação de esgoto.",neutro
"A torneira monocomando controla a vazão de água quente e fria.",neutro
"O aquecedor a gás fornece água quente para os chuveiros.",neutro
"O botijão de gás P13 alimenta o fogão da cozinha.",neutro
"A mangueira de gás possui validade impressa no corpo do material.",neutro
"A abraçadeira de metal fixa a mangueira na conexão.",neutro
"O teste de vazamento de gás foi realizado com espuma de sabão.",neutro
"A janela de alumínio possui vidro temperado transparente.",neutro
"A porta de madeira possui fechadura com chave tipo yale.",neutro
"O batente da porta foi fixado com espuma expansiva de poliuretano.",neutro
"A maçaneta tipo alavanca aciona a lingüeta da fechadura.",neutro
"A dobradiça metálica suporta o peso da folha da porta.",neutro
"O piso cerâmico foi assentado com argamassa colante tipo AC-I.",neutro
"O rejunte impermeável foi aplicado entre as peças do piso.",neutro
"O rodapé de MDF acompanha o perímetro da parede do cômodo.",neutro
"A parede recebeu duas demãos de tinta acrílica fosca.",neutro
"O teto foi pintado com tinta PVA na cor branca.",neutro
"A laje de concreto possui espessura de doze centímetros.",neutro
"A viga estrutural sustenta o peso da cobertura.",neutro
"O pilar de sustentação foi dimensionado conforme cálculo estrutural.",neutro
"A calha de zinco recolhe a água da chuva do telhado.",neutro
"O condutor vertical drena a água da chuva para a rede pluvial.",neutro
"A telha cerâmica tipo romana cobre a estrutura do telhado.",neutro
"A manta térmica sob o telhado reduz a temperatura interna.",neutro
"O forro de gesso acartonado esconde as instalações superiores.",neutro
"A luminária embutida utiliza lâmpada dicróica de LED.",neutro
"O spot direcionável destaca o quadro na parede.",neutro
"O interruptor paralelo permite acender a luz de dois locais diferentes.",neutro
"O sensor de presença aciona a iluminação do corredor automaticamente.",neutro
"A campainha eletrônica possui som polifônico configurável.",neutro
"O interfone digital permite a comunicação com a portaria.",neutro
"A câmera de circuito fechado grava imagens em resolução HD.",neutro
"O gravador digital de vídeo armazena as imagens no disco rígido.",neutro
"O cabo coaxial transmite o sinal de vídeo para o monitor.",neutro
"O conector BNC faz a ligação entre o cabo e a câmera.",neutro
"A fonte de alimentação externa converte a tensão da rede.",neutro
"O no-break mantém os equipamentos ligados durante faltas de energia.",neutro
"A bateria do no-break possui autonomia estimada em trinta minutos.",neutro
"O estabilizador protege contra variações bruscas na tensão elétrica.",neutro
"O filtro de linha possui cinco tomadas e fusível de proteção.",neutro
"O cabo de extensão possui três metros de comprimento.",neutro
"O adaptador de tomada universal converte o padrão dos pinos.",neutro
"O carregador portátil possui capacidade de dez mil miliampères-hora.",neutro
"O telefone celular possui duas entradas para cartão SIM.",neutro
"O cartão de memória microSD expande o armazenamento interno.",neutro
"A película de vidro protege a tela contra riscos e impactos.",neutro
"A capa de silicone protege a traseira do aparelho.",neutro
"O suporte veicular magnético fixa o celular no painel.",neutro
"O cabo USB micro possui revestimento emborrachado.",neutro
"O fone de ouvido com fio possui microfone integrado no cabo.",neutro
"O adaptador P2 para P3 permite o uso de fones em notebooks.",neutro
"O mouse sem fio funciona com frequência de rádio de 2.4 GHz.",neutro
"O teclado numérico auxiliar conecta-se via porta USB.",neutro
"O mousepad de tecido possui base em borracha antiderrapante.",neutro
"O suporte para monitor possui ajuste de altura por pistão a gás.",neutro
"A mesa para computador possui suporte deslizante para teclado.",neutro
"A cadeira de escritório possui rodízios em nylon giratórios.",neutro
"O pistão a gás da cadeira regula a altura do assento.",neutro
"O encosto da cadeira possui tela telada respirável.",neutro
"O apoio de braço possui regulagem de altura e rotação.",neutro
"A estante de livros possui cinco prateleiras fixas.",neutro
"O arquivo de aço possui gavetas com trilhos telescópicos.",neutro
"A gaveta possui fechadura com chave para documentos sigilosos.",neutro
"O quadro branco magnético é utilizado para anotações em reuniões.",neutro
"O apagador de feltro remove a tinta de marcador para quadro.",neutro
"O marcador para quadro branco possui tinta à base de álcool.",neutro
"O bloco de papel flip chart possui folhas quadriculadas.",neutro
"O cavalete de madeira sustenta o bloco de papel durante a apresentação.",neutro
"O projetor multimídia exibe a imagem na tela retrátil.",neutro
"O controle remoto do projetor opera por infravermelho.",neutro
"A tela de projeção possui tecido fosco antirreflexo.",neutro
"O pedestal da caixa de som possui regulagem de altura.",neutro
"O microfone sem fio opera na faixa de frequência UHF.",neutro
"A mesa de som possui quatro canais de entrada.",neutro
"O amplificador de áudio distribui o som para as caixas acústicas.",neutro
"O cabo P10 conecta o instrumento musical à mesa de som.",neutro
"O instrumento musical foi afinado antes da apresentação.",neutro
"A partitura musical está impressa em folhas tamanho A4.",neutro
"O suporte de partitura é dobrável e fabricado em alumínio.",neutro
"O metrônomo digital auxilia na marcação do tempo musical.",neutro
"A baqueta de bateria possui ponta de madeira marfim.",neutro
"O prato de bateria possui liga de latão polido.",neutro
"O pedal de bumbo possui sistema de corrente dupla.",neutro
"O banco de bateria possui assento almofadado giratório.",neutro
"A capa de proteção para instrumento acolchoada evita danos.",neutro
"O afinador eletrônico possui visor digital com LED indicador.",neutro
"O cabo de força tripolar alimenta o amplificador de som.",neutro
"O painel acústico de espuma absorve as ondas sonoras do ambiente.",neutro
"A porta acústica isola o ruído externo do estúdio de gravação.",neutro
"A janela antirruído possui vidro duplo com câmara de ar.",neutro
"O ar-condicionado tipo inverter regula a temperatura de forma contínua.",neutro
"O ventilador de teto possui controle remoto de velocidades.",neutro
"O umidificador de ar ultrassônico possui reservatório de três litros.",neutro
"O desumidificador de ar reduz a umidade excessiva do ambiente.",neutro
"O purificador de ar possui filtro HEPA de alta eficiência.",neutro
"O aquecedor de ambiente elétrico possui duas opções de potência.",neutro
"A lareira ecológica consome álcool etílico hidratado.",neutro
"O termômetro digital registra a temperatura máxima e mínima.",neutro
"O higrômetro mede a umidade relativa do ar no cômodo.",neutro
"O relógio de mesa digital possui alarme programável.",neutro
"A estação meteorológica doméstica exibe a previsão do tempo local.",neutro
"O relatório financeiro foi exportado para a pasta de documentos.",neutro
"A reunião de alinhamento está agendada para a próxima terça-feira.",neutro
"O arquivo compactado contém todas as imagens do projeto.",neutro
"A atualização de segurança do sistema foi aplicada com sucesso.",neutro
"O tempo de resposta do servidor foi medido em milissegundos.",neutro
"A tabela nutricional está impressa no verso da embalagem.",neutro
"O medidor de consumo de energia foi aferido pelo técnico.",neutro
"A chave de fenda possui cabo emborrachado isolado.",neutro
"O nível do reservatório de água está na marcação média.",neutro
"A lâmpada fluorescente possui vida útil estimada em oito mil horas.",neutro
"O cabo de rede possui blindagem contra interferência eletromagnética.",neutro
"A impressora laser utiliza toner na cor preta.",neutro
"O scanner de mesa suporta documentos nos tamanhos A4 e carta.",neutro
"A taxa de transferência da porta USB 3.0 é superior à versão anterior.",neutro
"O arquivo de texto foi codificado no formato UTF-8.",neutro
"A tabela do banco de dados possui chaves primária e estrangeira.",neutro
"O script de migração executa consultas de forma sequencial.",neutro
"A biblioteca de código aberto está licenciada sob os termos do MIT.",neutro
"O repositório remoto foi atualizado com a última versão do código.",neutro
"A branch secundária foi deletada após a aprovação do pull request.",neutro
"O contêiner de aplicativo foi construído utilizando a imagem base Linux.",neutro
"O servidor web escuta conexões na porta padrão oitenta.",neutro
"O certificado de segurança expira no final do próximo semestre.",neutro
"O registro DNS aponta para o servidor de hospedagem principal.",neutro
"A rota da API aceita parâmetros no formato JSON.",neutro
"O cabeçalho da requisição HTTP especifica o formato de autorização.",neutro
"A aplicação mobile foi desenvolvida utilizando framework multiplataforma.",neutro
"O cache do sistema foi limpo para liberar espaço em memória.",neutro
"A folha de estilo CSS define as cores e fontes do layout.",neutro
"O código JavaScript manipula o DOM da página web.",neutro
"A barra de navegação exibe os links para as seções principais.",neutro
"O rodapé do site contém os links para as redes sociais.",neutro
"A política de cookies está explicada na página de termos de uso.",neutro
"O manual do usuário foi disponibilizado em formato digital PDF.",neutro
"A garantia contratual cobre falhas decorrentes de defeito de fabricação.",neutro
"O fabricante recomenda a leitura prévia do manual de instruções.",neutro
"A rede elétrica do local possui disjuntor de proteção contra surtos.",neutro
"O medidor de umidade relativa do ar foi calibrado recentemente.",neutro
"A temperatura do processador opera dentro dos limites nominais.",neutro
"A ventilação interna do gabinete é feita por três ventoinhas.",neutro
"A pasta térmica conduz o calor entre o chip e o dissipador.",neutro
"O conector de alimentação da placa-mãe possui trava de segurança.",neutro
"O painel frontal do gabinete possui botões de liga e desliga.",neutro
"A fonte de alimentação possui bivolt automático para a rede elétrica.",neutro
"O estabilizador de tensão protege contra quedas bruscas de energia.",neutro
"O negócio veio normal",neutro
"Aí produto é mais ou menos né",neutro